alert_id,entity_id,entity_name,alert_name,category,severity,asset_id,status,created_at,closed_at,closure_time_minutes,escalated,analyst_id,investigation_notes
ALT-1001,ENT-001,National Power Grid Corporation,User Account Password Changed During Off-Hours,Identity,Low,NPGC-SCADA-RTU-01,Closed,2026-09-27 14:11:15,2026-09-27 15:24:18,73.0,No,SOC-OP-23,Duplicate alert
ALT-1002,ENT-001,National Power Grid Corporation,Multiple Failed Logins Followed by Successful Admin Access,Authentication,Critical,NPGC-SCADA-RTU-01,Closed,2026-09-14 06:29:16,2026-09-14 09:57:43,208.4,No,SOC-OP-12,Source IP traced to authorized vulnerability scanner subnet running scheduled monthly credentialed scan. Host logs match Nessus user-agent profile.
ALT-1003,ENT-001,National Power Grid Corporation,Multiple Failed Logins Followed by Successful Admin Access,Authentication,High,NPGC-SUBSTATION-GATEWAY-4,Investigating,2026-09-18 21:49:17,,0.0,No,SOC-OP-14,In progress by analyst on shift
ALT-1004,ENT-001,National Power Grid Corporation,DDoS Volumetric Spike on External Gateway,Perimeter,High,NPGC-SCADA-RTU-01,Closed,2026-09-19 12:59:57,2026-09-19 17:13:58,254.0,No,SOC-OP-16,Analyst reviewed PCAP and verified destination IP is an authorized NTP server. No secondary beaconing observed. Endpoint EDR host isolation not required.
ALT-1005,ENT-001,National Power Grid Corporation,Excessive DNS Queries for DGA Domains,Network,Medium,NPGC-SUBSTATION-GATEWAY-4,Escalated,2026-09-21 22:47:03,,0.0,Yes,SOC-OP-19,In progress by analyst on shift
ALT-1006,ENT-001,National Power Grid Corporation,SWIFT Transaction Queue Tamper Event,Financial Core,Critical,NPGC-SCADA-RTU-01,Investigating,2026-09-07 06:25:12,,0.0,No,SOC-OP-18,In progress by analyst on shift
ALT-1007,ENT-001,National Power Grid Corporation,SWIFT Transaction Queue Tamper Event,Financial Core,Critical,NPGC-SUBSTATION-GATEWAY-4,Investigating,2026-09-16 00:16:43,,0.0,Yes,SOC-OP-25,In progress by analyst on shift
ALT-1008,ENT-001,National Power Grid Corporation,Multiple Failed Logins Followed by Successful Admin Access,Authentication,High,NPGC-EMS-CORE-SRV,Closed,2026-09-08 17:05:58,2026-09-08 17:08:38,2.7,No,SOC-OP-23,--
ALT-1009,ENT-001,National Power Grid Corporation,Privilege Escalation on Domain Controller,Authentication,Critical,NPGC-SUBSTATION-GATEWAY-4,Closed,2026-09-28 23:05:54,2026-09-29 03:18:37,252.7,Yes,SOC-OP-20,Analyst reviewed PCAP and verified destination IP is an authorized NTP server. No secondary beaconing observed. Endpoint EDR host isolation not required.
ALT-1010,ENT-001,National Power Grid Corporation,Unauthorized Registry Modification on SCADA HMI,Endpoint,Critical,NPGC-SUBSTATION-GATEWAY-4,Closed,2026-09-23 06:10:33,2026-09-23 06:16:36,6.0,No,SOC-OP-10,Resolved
ALT-1011,ENT-001,National Power Grid Corporation,Multiple Failed Logins Followed by Successful Admin Access,Authentication,Critical,NPGC-SCADA-RTU-01,Closed,2026-09-15 04:32:48,2026-09-15 07:46:48,194.0,No,SOC-OP-11,"Alert triaged. Observed multiple TLS handshakes from internal host to external TOR exit node. Host isolated from corporate network via EDR, forensic memory image collected, escalated to Tier 2 Incident Response."
ALT-1012,ENT-001,National Power Grid Corporation,Outdated Endpoint Antivirus Signature,Endpoint Compliance,Low,NPGC-EMS-CORE-SRV,Investigating,2026-09-06 21:04:31,,0.0,No,SOC-OP-16,In progress by analyst on shift
ALT-1013,ENT-001,National Power Grid Corporation,Air Traffic Primary Radar Feed Desync,Aviation Sensor,Critical,NPGC-GRID-DISPATCH-DB,Closed,2026-09-18 15:12:34,2026-09-18 15:17:18,4.7,No,SOC-OP-25,No action needed
ALT-1014,ENT-001,National Power Grid Corporation,Excessive DNS Queries for DGA Domains,Network,Critical,NPGC-EMS-CORE-SRV,Investigating,2026-09-08 17:28:28,,0.0,Yes,SOC-OP-25,In progress by analyst on shift
ALT-1015,ENT-001,National Power Grid Corporation,Port Scanning from Substation Segment,Network,High,NPGC-SUBSTATION-GATEWAY-4,Closed,2026-09-05 08:18:13,2026-09-05 12:59:50,281.6,No,SOC-OP-21,Analyst reviewed PCAP and verified destination IP is an authorized NTP server. No secondary beaconing observed. Endpoint EDR host isolation not required.
ALT-1016,ENT-001,National Power Grid Corporation,Air Traffic Primary Radar Feed Desync,Aviation Sensor,Critical,NPGC-GRID-DISPATCH-DB,Closed,2026-09-14 16:34:42,2026-09-14 16:41:22,6.7,No,SOC-OP-22,Checked and safe
ALT-1017,ENT-001,National Power Grid Corporation,Multiple Failed Logins Followed by Successful Admin Access,Authentication,High,NPGC-EMS-CORE-SRV,Closed,2026-09-03 23:15:29,2026-09-03 23:23:55,8.4,No,SOC-OP-17,Ok
ALT-1018,ENT-001,National Power Grid Corporation,PowerShell Script Executed with Encoded Command,Endpoint,High,NPGC-EMS-CORE-SRV,Closed,2026-09-22 06:40:46,2026-09-22 10:53:49,253.0,No,SOC-OP-23,Analyst reviewed PCAP and verified destination IP is an authorized NTP server. No secondary beaconing observed. Endpoint EDR host isolation not required.
ALT-1019,ENT-001,National Power Grid Corporation,Certificate Expiration Warning on TLS Gateway,Configuration,Low,NPGC-SUBSTATION-GATEWAY-4,Closed,2026-09-13 03:12:01,2026-09-13 03:42:56,30.9,No,SOC-OP-15,False positive
ALT-1020,ENT-001,National Power Grid Corporation,DDoS Volumetric Spike on External Gateway,Perimeter,High,NPGC-SUBSTATION-GATEWAY-4,Closed,2026-08-31 01:26:53,2026-08-31 06:08:20,281.4,No,SOC-OP-11,Investigated parent process ancestry. Confirmed legitimate administrative maintenance script signed by Enterprise IT Certificate #9914.
ALT-1021,ENT-001,National Power Grid Corporation,Unusual Outbound C2 Traffic to Bulletproof Host,Network,Critical,NPGC-EMS-CORE-SRV,Closed,2026-09-20 00:21:18,2026-09-20 00:24:45,3.4,No,SOC-OP-21,Closed per shift lead
ALT-1022,ENT-001,National Power Grid Corporation,Air Traffic Primary Radar Feed Desync,Aviation Sensor,Critical,NPGC-SUBSTATION-GATEWAY-4,Closed,2026-09-18 23:37:13,2026-09-19 03:07:33,210.3,Yes,SOC-OP-13,"Alert triaged. Observed multiple TLS handshakes from internal host to external TOR exit node. Host isolated from corporate network via EDR, forensic memory image collected, escalated to Tier 2 Incident Response."
ALT-1023,ENT-001,National Power Grid Corporation,PowerShell Script Executed with Encoded Command,Endpoint,High,NPGC-EMS-CORE-SRV,Closed,2026-09-26 08:04:37,2026-09-26 08:15:24,10.8,No,SOC-OP-18,No action needed
ALT-1024,ENT-001,National Power Grid Corporation,DDoS Volumetric Spike on External Gateway,Perimeter,High,NPGC-SCADA-RTU-01,Closed,2026-09-01 14:15:28,2026-09-01 19:27:58,312.5,No,SOC-OP-10,Investigated parent process ancestry. Confirmed legitimate administrative maintenance script signed by Enterprise IT Certificate #9914.
ALT-1025,ENT-001,National Power Grid Corporation,Multiple Failed Logins Followed by Successful Admin Access,Authentication,High,NPGC-SUBSTATION-GATEWAY-4,Escalated,2026-09-18 13:06:55,,0.0,Yes,SOC-OP-13,In progress by analyst on shift
ALT-1026,ENT-001,National Power Grid Corporation,New Service Creation via PsExec,Endpoint,Medium,NPGC-SCADA-RTU-01,Escalated,2026-09-23 21:48:07,,0.0,Yes,SOC-OP-11,In progress by analyst on shift
ALT-1027,ENT-001,National Power Grid Corporation,Excessive DNS Queries for DGA Domains,Network,Critical,NPGC-SUBSTATION-GATEWAY-4,Escalated,2026-09-02 08:59:42,,0.0,Yes,SOC-OP-13,In progress by analyst on shift
ALT-1028,ENT-001,National Power Grid Corporation,Outdated Endpoint Antivirus Signature,Endpoint Compliance,Critical,NPGC-SUBSTATION-GATEWAY-4,Closed,2026-09-27 05:20:17,2026-09-27 10:31:00,310.7,Yes,SOC-OP-16,"Alert triaged. Observed multiple TLS handshakes from internal host to external TOR exit node. Host isolated from corporate network via EDR, forensic memory image collected, escalated to Tier 2 Incident Response."
ALT-1029,ENT-001,National Power Grid Corporation,DDoS Volumetric Spike on External Gateway,Perimeter,Critical,NPGC-SUBSTATION-GATEWAY-4,Closed,2026-09-26 07:53:37,2026-09-26 08:02:10,8.5,No,SOC-OP-11,Checked and safe
ALT-1030,ENT-001,National Power Grid Corporation,User Account Password Changed During Off-Hours,Identity,Low,NPGC-EMS-CORE-SRV,Closed,2026-09-12 12:01:05,2026-09-12 13:28:48,87.7,No,SOC-OP-23,Source IP traced to authorized vulnerability scanner subnet running scheduled monthly credentialed scan. Host logs match Nessus user-agent profile.
ALT-1031,ENT-001,National Power Grid Corporation,SCADA Telemetry Protocol Disruption,ICS/SCADA,Critical,NPGC-SCADA-RTU-01,Escalated,2026-09-15 01:15:06,,0.0,Yes,SOC-OP-20,In progress by analyst on shift
ALT-1032,ENT-001,National Power Grid Corporation,Port Scanning from Substation Segment,Network,High,NPGC-SUBSTATION-GATEWAY-4,Investigating,2026-09-19 15:27:21,,0.0,No,SOC-OP-10,In progress by analyst on shift
ALT-1033,ENT-001,National Power Grid Corporation,SWIFT Transaction Queue Tamper Event,Financial Core,Critical,NPGC-SCADA-RTU-01,Closed,2026-08-30 14:19:34,2026-08-30 19:39:48,320.2,No,SOC-OP-20,Source IP traced to authorized vulnerability scanner subnet running scheduled monthly credentialed scan. Host logs match Nessus user-agent profile.
ALT-1034,ENT-001,National Power Grid Corporation,Privilege Escalation on Domain Controller,Authentication,Critical,NPGC-GRID-DISPATCH-DB,Closed,2026-09-06 17:48:14,2026-09-06 20:05:40,137.4,No,SOC-OP-25,Source IP traced to authorized vulnerability scanner subnet running scheduled monthly credentialed scan. Host logs match Nessus user-agent profile.
ALT-1035,ENT-001,National Power Grid Corporation,New Service Creation via PsExec,Endpoint,Medium,NPGC-EMS-CORE-SRV,Investigating,2026-09-17 11:07:05,,0.0,No,SOC-OP-24,In progress by analyst on shift
ALT-1036,ENT-001,National Power Grid Corporation,Unusual Outbound C2 Traffic to Bulletproof Host,Network,Critical,NPGC-GRID-DISPATCH-DB,Closed,2026-09-01 13:57:05,2026-09-01 17:21:45,204.7,No,SOC-OP-17,"Alert triaged. Observed multiple TLS handshakes from internal host to external TOR exit node. Host isolated from corporate network via EDR, forensic memory image collected, escalated to Tier 2 Incident Response."
ALT-1037,ENT-001,National Power Grid Corporation,Unauthorized Registry Modification on SCADA HMI,Endpoint,High,NPGC-EMS-CORE-SRV,Closed,2026-09-26 11:23:26,2026-09-26 11:28:36,5.2,No,SOC-OP-17,No action needed
ALT-1038,ENT-001,National Power Grid Corporation,DDoS Volumetric Spike on External Gateway,Perimeter,High,NPGC-SCADA-RTU-01,Escalated,2026-09-18 02:18:26,,0.0,Yes,SOC-OP-18,In progress by analyst on shift
ALT-1039,ENT-001,National Power Grid Corporation,Unusual Outbound C2 Traffic to Bulletproof Host,Network,Critical,NPGC-SUBSTATION-GATEWAY-4,Closed,2026-09-10 06:35:24,2026-09-10 11:54:25,319.0,No,SOC-OP-10,Investigated parent process ancestry. Confirmed legitimate administrative maintenance script signed by Enterprise IT Certificate #9914.
ALT-1040,ENT-001,National Power Grid Corporation,Excessive DNS Queries for DGA Domains,Network,Medium,NPGC-SCADA-RTU-01,Closed,2026-09-17 14:40:01,2026-09-17 15:04:01,24.0,No,SOC-OP-20,Ok
ALT-1041,ENT-001,National Power Grid Corporation,New Service Creation via PsExec,Endpoint,Medium,NPGC-EMS-CORE-SRV,Closed,2026-09-18 16:40:15,2026-09-18 17:27:58,47.7,No,SOC-OP-11,Duplicate alert
ALT-1042,ENT-001,National Power Grid Corporation,SCADA Telemetry Protocol Disruption,ICS/SCADA,Critical,NPGC-SCADA-RTU-01,Closed,2026-09-01 09:17:38,2026-09-01 09:25:42,8.1,No,SOC-OP-10,Checked and safe
ALT-1043,ENT-001,National Power Grid Corporation,Outdated Endpoint Antivirus Signature,Endpoint Compliance,Low,NPGC-SCADA-RTU-01,Closed,2026-09-23 12:54:12,2026-09-23 13:34:21,40.1,No,SOC-OP-12,Known scanner activity
ALT-1044,ENT-001,National Power Grid Corporation,New Service Creation via PsExec,Endpoint,Medium,NPGC-SUBSTATION-GATEWAY-4,Closed,2026-09-11 09:29:30,2026-09-11 10:25:13,55.7,No,SOC-OP-22,N/A
ALT-1045,ENT-001,National Power Grid Corporation,Certificate Expiration Warning on TLS Gateway,Configuration,Low,NPGC-GRID-DISPATCH-DB,Closed,2026-09-28 02:19:43,2026-09-28 03:02:05,42.4,No,SOC-OP-24,Analyst reviewed PCAP and verified destination IP is an authorized NTP server. No secondary beaconing observed. Endpoint EDR host isolation not required.
ALT-1046,ENT-001,National Power Grid Corporation,User Account Password Changed During Off-Hours,Identity,Low,NPGC-SUBSTATION-GATEWAY-4,Escalated,2026-09-22 06:51:32,,0.0,Yes,SOC-OP-25,In progress by analyst on shift
ALT-1047,ENT-001,National Power Grid Corporation,SCADA Telemetry Protocol Disruption,ICS/SCADA,Critical,NPGC-EMS-CORE-SRV,Closed,2026-09-24 16:55:45,2026-09-24 17:06:13,10.5,No,SOC-OP-23,--
ALT-1048,ENT-001,National Power Grid Corporation,Unusual Outbound C2 Traffic to Bulletproof Host,Network,Critical,NPGC-SCADA-RTU-01,Closed,2026-09-28 22:15:06,2026-09-28 22:25:39,10.6,No,SOC-OP-22,Resolved
ALT-1049,ENT-001,National Power Grid Corporation,User Account Password Changed During Off-Hours,Identity,Low,NPGC-EMS-CORE-SRV,Investigating,2026-09-09 12:43:13,,0.0,No,SOC-OP-14,In progress by analyst on shift
ALT-1050,ENT-001,National Power Grid Corporation,User Account Password Changed During Off-Hours,Identity,Critical,NPGC-GRID-DISPATCH-DB,Closed,2026-09-15 12:51:31,2026-09-15 13:08:03,16.5,No,SOC-OP-11,Known scanner activity
ALT-1051,ENT-001,National Power Grid Corporation,Air Traffic Primary Radar Feed Desync,Aviation Sensor,Critical,NPGC-EMS-CORE-SRV,Escalated,2026-09-23 01:13:41,,0.0,Yes,SOC-OP-16,In progress by analyst on shift
ALT-1052,ENT-001,National Power Grid Corporation,Multiple Failed Logins Followed by Successful Admin Access,Authentication,Critical,NPGC-GRID-DISPATCH-DB,Escalated,2026-09-04 04:50:24,,0.0,Yes,SOC-OP-20,In progress by analyst on shift
ALT-1053,ENT-001,National Power Grid Corporation,Privilege Escalation on Domain Controller,Authentication,Critical,NPGC-SUBSTATION-GATEWAY-4,Closed,2026-09-17 03:46:22,2026-09-17 05:52:08,125.8,No,SOC-OP-17,Verified against change management ticket CHG-88219. Database schema update was authorized by DBA team during approved maintenance window.
ALT-1054,ENT-001,National Power Grid Corporation,DDoS Volumetric Spike on External Gateway,Perimeter,Critical,NPGC-EMS-CORE-SRV,Closed,2026-09-14 09:11:38,2026-09-14 09:20:48,9.2,No,SOC-OP-19,Duplicate alert
ALT-1055,ENT-001,National Power Grid Corporation,New Service Creation via PsExec,Endpoint,Medium,NPGC-EMS-CORE-SRV,Escalated,2026-09-11 14:12:14,,0.0,Yes,SOC-OP-10,In progress by analyst on shift
ALT-1056,ENT-001,National Power Grid Corporation,SWIFT Transaction Queue Tamper Event,Financial Core,Critical,NPGC-EMS-CORE-SRV,Closed,2026-09-12 00:44:01,2026-09-12 01:00:54,16.9,No,SOC-OP-16,False positive
ALT-1057,ENT-001,National Power Grid Corporation,Air Traffic Primary Radar Feed Desync,Aviation Sensor,Critical,NPGC-GRID-DISPATCH-DB,Closed,2026-08-31 08:38:50,2026-08-31 08:50:35,11.7,No,SOC-OP-18,Duplicate alert
ALT-1058,ENT-001,National Power Grid Corporation,SWIFT Transaction Queue Tamper Event,Financial Core,Critical,NPGC-EMS-CORE-SRV,Escalated,2026-09-18 17:31:36,,0.0,Yes,SOC-OP-14,In progress by analyst on shift
ALT-1059,ENT-001,National Power Grid Corporation,Port Scanning from Substation Segment,Network,Critical,NPGC-GRID-DISPATCH-DB,Closed,2026-09-15 11:32:46,2026-09-15 15:43:34,250.8,Yes,SOC-OP-22,Verified against change management ticket CHG-88219. Database schema update was authorized by DBA team during approved maintenance window.
ALT-1060,ENT-001,National Power Grid Corporation,Excessive DNS Queries for DGA Domains,Network,Critical,NPGC-GRID-DISPATCH-DB,Closed,2026-09-17 15:21:51,2026-09-17 15:35:36,13.7,No,SOC-OP-13,Duplicate alert
ALT-1061,ENT-001,National Power Grid Corporation,Privilege Escalation on Domain Controller,Authentication,Critical,NPGC-SUBSTATION-GATEWAY-4,Closed,2026-09-15 09:34:49,2026-09-15 09:39:45,4.9,No,SOC-OP-25,Ok
ALT-1062,ENT-001,National Power Grid Corporation,Port Scanning from Substation Segment,Network,High,NPGC-SCADA-RTU-01,Closed,2026-09-14 22:50:06,2026-09-14 23:02:24,12.3,No,SOC-OP-20,Known scanner activity
ALT-1063,ENT-001,National Power Grid Corporation,Outdated Endpoint Antivirus Signature,Endpoint Compliance,Low,NPGC-GRID-DISPATCH-DB,Escalated,2026-09-26 02:16:14,,0.0,Yes,SOC-OP-19,In progress by analyst on shift
ALT-1064,ENT-001,National Power Grid Corporation,Excessive DNS Queries for DGA Domains,Network,Medium,NPGC-SCADA-RTU-01,Closed,2026-09-06 16:31:59,2026-09-06 16:56:57,25.0,No,SOC-OP-10,Closed per shift lead
ALT-1065,ENT-001,National Power Grid Corporation,Excessive DNS Queries for DGA Domains,Network,Medium,NPGC-SUBSTATION-GATEWAY-4,Closed,2026-09-25 17:06:28,2026-09-25 18:11:53,65.4,No,SOC-OP-21,--
ALT-1066,ENT-001,National Power Grid Corporation,Privilege Escalation on Domain Controller,Authentication,Critical,NPGC-GRID-DISPATCH-DB,Closed,2026-09-17 05:59:18,2026-09-17 06:16:14,16.9,No,SOC-OP-19,False positive
ALT-1067,ENT-001,National Power Grid Corporation,Unusual Outbound C2 Traffic to Bulletproof Host,Network,Critical,NPGC-EMS-CORE-SRV,Closed,2026-09-12 16:34:26,2026-09-12 16:49:55,15.5,No,SOC-OP-10,Known scanner activity
ALT-1068,ENT-001,National Power Grid Corporation,User Account Password Changed During Off-Hours,Identity,Low,NPGC-SUBSTATION-GATEWAY-4,Investigating,2026-09-11 14:35:48,,0.0,No,SOC-OP-25,In progress by analyst on shift
ALT-1069,ENT-001,National Power Grid Corporation,Air Traffic Primary Radar Feed Desync,Aviation Sensor,Critical,NPGC-SUBSTATION-GATEWAY-4,Closed,2026-09-24 16:20:00,2026-09-24 18:16:05,116.1,No,SOC-OP-10,Analyst reviewed PCAP and verified destination IP is an authorized NTP server. No secondary beaconing observed. Endpoint EDR host isolation not required.
ALT-1070,ENT-001,National Power Grid Corporation,Excessive DNS Queries for DGA Domains,Network,Medium,NPGC-SUBSTATION-GATEWAY-4,Closed,2026-09-13 08:41:37,2026-09-13 10:00:39,79.0,No,SOC-OP-22,Verified against change management ticket CHG-88219. Database schema update was authorized by DBA team during approved maintenance window.
ALT-1071,ENT-001,National Power Grid Corporation,SWIFT Transaction Queue Tamper Event,Financial Core,Critical,NPGC-EMS-CORE-SRV,Closed,2026-09-21 10:13:11,2026-09-21 15:17:07,303.9,No,SOC-OP-19,Analyst reviewed PCAP and verified destination IP is an authorized NTP server. No secondary beaconing observed. Endpoint EDR host isolation not required.
ALT-1072,ENT-001,National Power Grid Corporation,Multiple Failed Logins Followed by Successful Admin Access,Authentication,High,NPGC-SCADA-RTU-01,Escalated,2026-09-12 21:56:53,,0.0,Yes,SOC-OP-23,In progress by analyst on shift
ALT-1073,ENT-001,National Power Grid Corporation,PowerShell Script Executed with Encoded Command,Endpoint,High,NPGC-GRID-DISPATCH-DB,Closed,2026-09-18 03:52:23,2026-09-18 08:55:09,302.8,No,SOC-OP-25,"Alert triaged. Observed multiple TLS handshakes from internal host to external TOR exit node. Host isolated from corporate network via EDR, forensic memory image collected, escalated to Tier 2 Incident Response."
ALT-1074,ENT-001,National Power Grid Corporation,SCADA Telemetry Protocol Disruption,ICS/SCADA,Critical,NPGC-SCADA-RTU-01,Escalated,2026-09-20 03:56:44,,0.0,Yes,SOC-OP-24,In progress by analyst on shift
ALT-1075,ENT-001,National Power Grid Corporation,Excessive DNS Queries for DGA Domains,Network,Medium,NPGC-GRID-DISPATCH-DB,Closed,2026-09-27 04:20:02,2026-09-27 05:14:58,54.9,No,SOC-OP-22,Duplicate alert
ALT-1076,ENT-001,National Power Grid Corporation,PowerShell Script Executed with Encoded Command,Endpoint,Critical,NPGC-EMS-CORE-SRV,Closed,2026-09-13 02:48:18,2026-09-13 02:54:27,6.1,No,SOC-OP-25,Duplicate alert
ALT-1077,ENT-001,National Power Grid Corporation,Privilege Escalation on Domain Controller,Authentication,Critical,NPGC-GRID-DISPATCH-DB,Closed,2026-09-10 00:57:58,2026-09-10 03:35:51,157.9,No,SOC-OP-16,Investigated parent process ancestry. Confirmed legitimate administrative maintenance script signed by Enterprise IT Certificate #9914.
ALT-1078,ENT-001,National Power Grid Corporation,SWIFT Transaction Queue Tamper Event,Financial Core,Critical,NPGC-GRID-DISPATCH-DB,Closed,2026-09-23 16:14:33,2026-09-23 16:23:21,8.8,No,SOC-OP-22,Resolved
ALT-1079,ENT-001,National Power Grid Corporation,Certificate Expiration Warning on TLS Gateway,Configuration,Low,NPGC-GRID-DISPATCH-DB,Closed,2026-09-16 05:26:39,2026-09-16 06:12:11,45.5,No,SOC-OP-20,Checked and safe
ALT-1080,ENT-001,National Power Grid Corporation,SWIFT Transaction Queue Tamper Event,Financial Core,Critical,NPGC-GRID-DISPATCH-DB,Closed,2026-09-22 13:29:26,2026-09-22 14:33:22,63.9,No,SOC-OP-22,Verified against change management ticket CHG-88219. Database schema update was authorized by DBA team during approved maintenance window.
ALT-1081,ENT-001,National Power Grid Corporation,DDoS Volumetric Spike on External Gateway,Perimeter,High,NPGC-EMS-CORE-SRV,Closed,2026-09-03 20:58:41,2026-09-03 21:06:13,7.5,No,SOC-OP-12,Ok
ALT-1082,ENT-001,National Power Grid Corporation,Air Traffic Primary Radar Feed Desync,Aviation Sensor,Critical,NPGC-SUBSTATION-GATEWAY-4,Closed,2026-09-20 00:06:34,2026-09-20 02:48:58,162.4,Yes,SOC-OP-10,Analyst reviewed PCAP and verified destination IP is an authorized NTP server. No secondary beaconing observed. Endpoint EDR host isolation not required.
ALT-1083,ENT-001,National Power Grid Corporation,DDoS Volumetric Spike on External Gateway,Perimeter,High,NPGC-SUBSTATION-GATEWAY-4,Closed,2026-09-05 12:17:24,2026-09-05 12:31:53,14.5,No,SOC-OP-12,Checked and safe
ALT-1084,ENT-001,National Power Grid Corporation,User Account Password Changed During Off-Hours,Identity,Critical,NPGC-SCADA-RTU-01,Closed,2026-09-19 10:45:24,2026-09-19 10:47:33,2.1,No,SOC-OP-12,Known scanner activity
ALT-1085,ENT-001,National Power Grid Corporation,Privilege Escalation on Domain Controller,Authentication,Critical,NPGC-GRID-DISPATCH-DB,Closed,2026-09-28 01:16:39,2026-09-28 01:32:23,15.7,No,SOC-OP-21,Closed per shift lead
ALT-1086,ENT-001,National Power Grid Corporation,Port Scanning from Substation Segment,Network,High,NPGC-EMS-CORE-SRV,Closed,2026-09-25 05:22:50,2026-09-25 05:38:43,15.9,No,SOC-OP-17,Closed per shift lead
ALT-1087,ENT-001,National Power Grid Corporation,Privilege Escalation on Domain Controller,Authentication,Critical,NPGC-EMS-CORE-SRV,Closed,2026-09-18 20:33:47,2026-09-18 20:49:38,15.8,No,SOC-OP-24,No action needed
ALT-1088,ENT-001,National Power Grid Corporation,New Service Creation via PsExec,Endpoint,Medium,NPGC-EMS-CORE-SRV,Closed,2026-09-05 19:43:22,2026-09-05 20:33:11,49.8,No,SOC-OP-23,Source IP traced to authorized vulnerability scanner subnet running scheduled monthly credentialed scan. Host logs match Nessus user-agent profile.
ALT-1089,ENT-001,National Power Grid Corporation,SCADA Telemetry Protocol Disruption,ICS/SCADA,Critical,NPGC-GRID-DISPATCH-DB,Closed,2026-09-13 15:25:30,2026-09-13 15:27:38,2.1,No,SOC-OP-23,Checked and safe
ALT-1090,ENT-001,National Power Grid Corporation,SCADA Telemetry Protocol Disruption,ICS/SCADA,Critical,NPGC-EMS-CORE-SRV,Closed,2026-09-05 10:01:42,2026-09-05 10:06:08,4.4,No,SOC-OP-19,No action needed
ALT-1091,ENT-001,National Power Grid Corporation,Unusual Outbound C2 Traffic to Bulletproof Host,Network,Critical,NPGC-GRID-DISPATCH-DB,Closed,2026-09-15 16:21:26,2026-09-15 16:27:19,5.9,No,SOC-OP-19,False positive
ALT-1092,ENT-001,National Power Grid Corporation,Privilege Escalation on Domain Controller,Authentication,Critical,NPGC-SCADA-RTU-01,Escalated,2026-09-16 20:07:33,,0.0,Yes,SOC-OP-18,In progress by analyst on shift
ALT-1093,ENT-001,National Power Grid Corporation,SCADA Telemetry Protocol Disruption,ICS/SCADA,Critical,NPGC-SUBSTATION-GATEWAY-4,Closed,2026-09-01 04:34:43,2026-09-01 04:40:01,5.3,No,SOC-OP-13,Checked and safe
ALT-1094,ENT-001,National Power Grid Corporation,Port Scanning from Substation Segment,Network,High,NPGC-SUBSTATION-GATEWAY-4,Investigating,2026-09-09 03:07:13,,0.0,No,SOC-OP-25,In progress by analyst on shift
ALT-1095,ENT-001,National Power Grid Corporation,New Service Creation via PsExec,Endpoint,Medium,NPGC-SCADA-RTU-01,Closed,2026-08-30 12:20:31,2026-08-30 13:21:49,61.3,No,SOC-OP-17,Analyst reviewed PCAP and verified destination IP is an authorized NTP server. No secondary beaconing observed. Endpoint EDR host isolation not required.
ALT-1096,ENT-001,National Power Grid Corporation,New Service Creation via PsExec,Endpoint,Medium,NPGC-GRID-DISPATCH-DB,Escalated,2026-09-04 22:44:00,,0.0,Yes,SOC-OP-19,In progress by analyst on shift
ALT-1097,ENT-001,National Power Grid Corporation,PowerShell Script Executed with Encoded Command,Endpoint,High,NPGC-EMS-CORE-SRV,Escalated,2026-09-08 19:43:20,,0.0,Yes,SOC-OP-20,In progress by analyst on shift
ALT-1098,ENT-001,National Power Grid Corporation,Outdated Endpoint Antivirus Signature,Endpoint Compliance,Low,NPGC-GRID-DISPATCH-DB,Investigating,2026-09-10 14:37:22,,0.0,No,SOC-OP-23,In progress by analyst on shift
ALT-1099,ENT-001,National Power Grid Corporation,SCADA Telemetry Protocol Disruption,ICS/SCADA,Critical,NPGC-GRID-DISPATCH-DB,Closed,2026-09-21 08:01:30,2026-09-21 08:17:53,16.4,No,SOC-OP-22,Resolved
ALT-1100,ENT-001,National Power Grid Corporation,DDoS Volumetric Spike on External Gateway,Perimeter,High,NPGC-SUBSTATION-GATEWAY-4,Closed,2026-09-04 07:36:45,2026-09-04 07:49:59,13.2,No,SOC-OP-12,N/A
ALT-1101,ENT-001,National Power Grid Corporation,Air Traffic Primary Radar Feed Desync,Aviation Sensor,Critical,NPGC-GRID-DISPATCH-DB,Closed,2026-09-05 20:54:46,2026-09-05 23:51:23,176.6,No,SOC-OP-20,Investigated parent process ancestry. Confirmed legitimate administrative maintenance script signed by Enterprise IT Certificate #9914.
ALT-1102,ENT-001,National Power Grid Corporation,User Account Password Changed During Off-Hours,Identity,Low,NPGC-GRID-DISPATCH-DB,Closed,2026-09-24 21:43:49,2026-09-24 22:00:28,16.6,No,SOC-OP-18,Closed per shift lead
ALT-1103,ENT-001,National Power Grid Corporation,Unauthorized Registry Modification on SCADA HMI,Endpoint,High,NPGC-SCADA-RTU-01,Closed,2026-09-28 04:00:30,2026-09-28 04:06:22,5.9,No,SOC-OP-16,N/A
ALT-1104,ENT-001,National Power Grid Corporation,DDoS Volumetric Spike on External Gateway,Perimeter,High,NPGC-SUBSTATION-GATEWAY-4,Escalated,2026-09-10 14:33:02,,0.0,Yes,SOC-OP-23,In progress by analyst on shift
ALT-1105,ENT-001,National Power Grid Corporation,Air Traffic Primary Radar Feed Desync,Aviation Sensor,Critical,NPGC-EMS-CORE-SRV,Closed,2026-09-16 23:09:08,2026-09-17 00:44:35,95.4,No,SOC-OP-18,Investigated parent process ancestry. Confirmed legitimate administrative maintenance script signed by Enterprise IT Certificate #9914.
ALT-1106,ENT-001,National Power Grid Corporation,SWIFT Transaction Queue Tamper Event,Financial Core,Critical,NPGC-SUBSTATION-GATEWAY-4,Closed,2026-09-11 11:36:59,2026-09-11 11:45:03,8.1,No,SOC-OP-14,Checked and safe
ALT-1107,ENT-001,National Power Grid Corporation,Outdated Endpoint Antivirus Signature,Endpoint Compliance,Low,NPGC-EMS-CORE-SRV,Closed,2026-09-13 12:13:39,2026-09-13 13:41:01,87.4,No,SOC-OP-24,Known scanner activity
ALT-1108,ENT-001,National Power Grid Corporation,Multiple Failed Logins Followed by Successful Admin Access,Authentication,High,NPGC-EMS-CORE-SRV,Closed,2026-09-23 01:02:05,2026-09-23 01:15:55,13.8,No,SOC-OP-21,Resolved
ALT-1109,ENT-001,National Power Grid Corporation,User Account Password Changed During Off-Hours,Identity,Low,NPGC-SCADA-RTU-01,Escalated,2026-08-31 00:19:18,,0.0,Yes,SOC-OP-16,In progress by analyst on shift
ALT-1110,ENT-001,National Power Grid Corporation,SWIFT Transaction Queue Tamper Event,Financial Core,Critical,NPGC-SUBSTATION-GATEWAY-4,Closed,2026-09-07 05:31:54,2026-09-07 05:42:21,10.4,No,SOC-OP-22,Known scanner activity
ALT-1111,ENT-001,National Power Grid Corporation,SWIFT Transaction Queue Tamper Event,Financial Core,Critical,NPGC-GRID-DISPATCH-DB,Closed,2026-09-08 17:55:22,2026-09-08 18:03:19,7.9,No,SOC-OP-18,Known scanner activity
ALT-1112,ENT-001,National Power Grid Corporation,Privilege Escalation on Domain Controller,Authentication,Critical,NPGC-SCADA-RTU-01,Escalated,2026-09-16 11:23:26,,0.0,Yes,SOC-OP-22,In progress by analyst on shift
ALT-1113,ENT-001,National Power Grid Corporation,DDoS Volumetric Spike on External Gateway,Perimeter,High,NPGC-SCADA-RTU-01,Closed,2026-09-16 13:39:35,2026-09-16 17:06:07,206.5,No,SOC-OP-19,"Alert triaged. Observed multiple TLS handshakes from internal host to external TOR exit node. Host isolated from corporate network via EDR, forensic memory image collected, escalated to Tier 2 Incident Response."
ALT-1114,ENT-001,National Power Grid Corporation,Air Traffic Primary Radar Feed Desync,Aviation Sensor,Critical,NPGC-SUBSTATION-GATEWAY-4,Closed,2026-09-19 19:48:12,2026-09-19 20:05:09,16.9,No,SOC-OP-12,Resolved
ALT-1115,ENT-001,National Power Grid Corporation,Unusual Outbound C2 Traffic to Bulletproof Host,Network,Critical,NPGC-EMS-CORE-SRV,Closed,2026-09-17 13:46:38,2026-09-17 13:51:39,5.0,No,SOC-OP-22,Duplicate alert
ALT-1116,ENT-001,National Power Grid Corporation,User Account Password Changed During Off-Hours,Identity,Low,NPGC-SCADA-RTU-01,Escalated,2026-09-05 19:40:41,,0.0,Yes,SOC-OP-22,In progress by analyst on shift
ALT-1117,ENT-001,National Power Grid Corporation,SWIFT Transaction Queue Tamper Event,Financial Core,Critical,NPGC-GRID-DISPATCH-DB,Closed,2026-08-30 15:10:12,2026-08-30 16:40:32,90.3,Yes,SOC-OP-20,Investigated parent process ancestry. Confirmed legitimate administrative maintenance script signed by Enterprise IT Certificate #9914.
ALT-1118,ENT-001,National Power Grid Corporation,SWIFT Transaction Queue Tamper Event,Financial Core,Critical,NPGC-SCADA-RTU-01,Investigating,2026-09-20 13:22:13,,0.0,No,SOC-OP-20,In progress by analyst on shift
ALT-1119,ENT-001,National Power Grid Corporation,SCADA Telemetry Protocol Disruption,ICS/SCADA,Critical,NPGC-EMS-CORE-SRV,Closed,2026-09-23 10:04:08,2026-09-23 10:12:39,8.5,No,SOC-OP-12,Closed per shift lead
ALT-1120,ENT-001,National Power Grid Corporation,Outdated Endpoint Antivirus Signature,Endpoint Compliance,Low,NPGC-SUBSTATION-GATEWAY-4,Closed,2026-09-18 21:18:10,2026-09-18 22:04:49,46.7,No,SOC-OP-24,Checked and safe
ALT-1121,ENT-002,Apex National Bank,Outdated Endpoint Antivirus Signature,Endpoint Compliance,Low,APEX-ATM-SWITCH-PRD,Closed,2026-09-12 04:27:17,2026-09-12 05:23:40,56.4,No,SOC-OP-11,Known scanner activity
ALT-1122,ENT-002,Apex National Bank,DDoS Volumetric Spike on External Gateway,Perimeter,High,APEX-DB-CLUSTER-PRIMARY,Escalated,2026-09-11 02:18:14,,0.0,Yes,SOC-OP-24,In progress by analyst on shift
ALT-1123,ENT-002,Apex National Bank,Privilege Escalation on Domain Controller,Authentication,Critical,APEX-CORE-BANKING-01,Closed,2026-09-01 18:34:42,2026-09-01 18:46:40,12.0,No,SOC-OP-14,Closed per shift lead
ALT-1124,ENT-002,Apex National Bank,Multiple Failed Logins Followed by Successful Admin Access,Authentication,High,APEX-DB-CLUSTER-PRIMARY,Closed,2026-09-25 22:22:38,2026-09-25 22:37:16,14.6,No,SOC-OP-14,--
ALT-1125,ENT-002,Apex National Bank,SWIFT Transaction Queue Tamper Event,Financial Core,Critical,APEX-ATM-SWITCH-PRD,Closed,2026-09-28 10:02:49,2026-09-28 10:15:01,12.2,No,SOC-OP-17,Closed per shift lead
ALT-1126,ENT-002,Apex National Bank,Excessive DNS Queries for DGA Domains,Network,Medium,APEX-ATM-SWITCH-PRD,Closed,2026-09-05 01:58:23,2026-09-05 03:06:47,68.4,No,SOC-OP-12,"Alert triaged. Observed multiple TLS handshakes from internal host to external TOR exit node. Host isolated from corporate network via EDR, forensic memory image collected, escalated to Tier 2 Incident Response."
ALT-1127,ENT-002,Apex National Bank,Multiple Failed Logins Followed by Successful Admin Access,Authentication,High,APEX-ATM-SWITCH-PRD,Escalated,2026-09-24 07:34:11,,0.0,Yes,SOC-OP-23,In progress by analyst on shift
ALT-1128,ENT-002,Apex National Bank,Privilege Escalation on Domain Controller,Authentication,Critical,APEX-SWIFT-GW-01,Closed,2026-09-01 03:44:19,2026-09-01 03:47:15,2.9,No,SOC-OP-24,Duplicate alert
ALT-1129,ENT-002,Apex National Bank,User Account Password Changed During Off-Hours,Identity,Critical,APEX-CORE-BANKING-01,Closed,2026-08-31 14:11:37,2026-08-31 14:14:56,3.3,No,SOC-OP-24,--
ALT-1130,ENT-002,Apex National Bank,Excessive DNS Queries for DGA Domains,Network,Medium,APEX-CORE-BANKING-01,Closed,2026-09-17 16:17:18,2026-09-17 17:29:55,72.6,No,SOC-OP-10,Verified against change management ticket CHG-88219. Database schema update was authorized by DBA team during approved maintenance window.
ALT-1131,ENT-002,Apex National Bank,Outdated Endpoint Antivirus Signature,Endpoint Compliance,Low,APEX-CORE-BANKING-01,Closed,2026-09-03 03:02:41,2026-09-03 04:10:30,67.8,No,SOC-OP-25,Resolved
ALT-1132,ENT-002,Apex National Bank,Unusual Outbound C2 Traffic to Bulletproof Host,Network,Critical,APEX-CORE-BANKING-01,Closed,2026-09-16 23:38:04,2026-09-16 23:50:37,12.5,No,SOC-OP-17,No action needed
ALT-1133,ENT-002,Apex National Bank,Outdated Endpoint Antivirus Signature,Endpoint Compliance,Low,APEX-ATM-SWITCH-PRD,Closed,2026-09-23 11:20:29,2026-09-23 11:43:35,23.1,No,SOC-OP-10,Ok
ALT-1134,ENT-002,Apex National Bank,SCADA Telemetry Protocol Disruption,ICS/SCADA,Critical,APEX-DB-CLUSTER-PRIMARY,Escalated,2026-09-15 02:26:41,,0.0,Yes,SOC-OP-20,In progress by analyst on shift
ALT-1135,ENT-002,Apex National Bank,Multiple Failed Logins Followed by Successful Admin Access,Authentication,High,APEX-ATM-SWITCH-PRD,Escalated,2026-09-20 10:05:58,,0.0,Yes,SOC-OP-11,In progress by analyst on shift
ALT-1136,ENT-002,Apex National Bank,Unusual Outbound C2 Traffic to Bulletproof Host,Network,Critical,APEX-SWIFT-GW-01,Closed,2026-09-02 22:36:16,2026-09-02 22:53:19,17.0,No,SOC-OP-19,Checked and safe
ALT-1137,ENT-002,Apex National Bank,New Service Creation via PsExec,Endpoint,Critical,APEX-SWIFT-GW-01,Investigating,2026-09-21 15:20:32,,0.0,Yes,SOC-OP-23,In progress by analyst on shift
ALT-1138,ENT-002,Apex National Bank,Multiple Failed Logins Followed by Successful Admin Access,Authentication,High,APEX-ATM-SWITCH-PRD,Closed,2026-09-02 17:01:24,2026-09-02 22:59:13,357.8,Yes,SOC-OP-23,Source IP traced to authorized vulnerability scanner subnet running scheduled monthly credentialed scan. Host logs match Nessus user-agent profile.
ALT-1139,ENT-002,Apex National Bank,Multiple Failed Logins Followed by Successful Admin Access,Authentication,High,APEX-HSM-VAULT-02,Closed,2026-09-14 03:20:03,2026-09-14 09:03:25,343.4,Yes,SOC-OP-18,Source IP traced to authorized vulnerability scanner subnet running scheduled monthly credentialed scan. Host logs match Nessus user-agent profile.
ALT-1140,ENT-002,Apex National Bank,Outdated Endpoint Antivirus Signature,Endpoint Compliance,Low,APEX-ATM-SWITCH-PRD,Closed,2026-09-09 02:48:31,2026-09-09 03:43:28,54.9,No,SOC-OP-10,Source IP traced to authorized vulnerability scanner subnet running scheduled monthly credentialed scan. Host logs match Nessus user-agent profile.
ALT-1141,ENT-002,Apex National Bank,Privilege Escalation on Domain Controller,Authentication,Critical,APEX-HSM-VAULT-02,Investigating,2026-09-29 04:51:21,,0.0,Yes,SOC-OP-16,In progress by analyst on shift
ALT-1142,ENT-002,Apex National Bank,PowerShell Script Executed with Encoded Command,Endpoint,High,APEX-SWIFT-GW-01,Investigating,2026-09-17 03:33:33,,0.0,No,SOC-OP-18,In progress by analyst on shift
ALT-1143,ENT-002,Apex National Bank,New Service Creation via PsExec,Endpoint,Medium,APEX-CORE-BANKING-01,Escalated,2026-09-02 07:38:36,,0.0,Yes,SOC-OP-21,In progress by analyst on shift
ALT-1144,ENT-002,Apex National Bank,Excessive DNS Queries for DGA Domains,Network,Medium,APEX-DB-CLUSTER-PRIMARY,Closed,2026-09-04 14:05:23,2026-09-04 15:06:24,61.0,No,SOC-OP-10,Closed per shift lead
ALT-1145,ENT-002,Apex National Bank,PowerShell Script Executed with Encoded Command,Endpoint,High,APEX-DB-CLUSTER-PRIMARY,Escalated,2026-09-16 19:42:49,,0.0,Yes,SOC-OP-10,In progress by analyst on shift
ALT-1146,ENT-002,Apex National Bank,User Account Password Changed During Off-Hours,Identity,Low,APEX-ATM-SWITCH-PRD,Closed,2026-09-13 02:18:47,2026-09-13 03:06:02,47.3,No,SOC-OP-22,Verified against change management ticket CHG-88219. Database schema update was authorized by DBA team during approved maintenance window.
ALT-1147,ENT-002,Apex National Bank,Privilege Escalation on Domain Controller,Authentication,Critical,APEX-ATM-SWITCH-PRD,Closed,2026-09-07 01:26:30,2026-09-07 03:05:26,98.9,No,SOC-OP-17,Investigated parent process ancestry. Confirmed legitimate administrative maintenance script signed by Enterprise IT Certificate #9914.
ALT-1148,ENT-002,Apex National Bank,SCADA Telemetry Protocol Disruption,ICS/SCADA,Critical,APEX-SWIFT-GW-01,Investigating,2026-09-26 00:48:11,,0.0,Yes,SOC-OP-17,In progress by analyst on shift
ALT-1149,ENT-002,Apex National Bank,Certificate Expiration Warning on TLS Gateway,Configuration,Low,APEX-CORE-BANKING-01,Investigating,2026-09-28 12:32:53,,0.0,No,SOC-OP-18,In progress by analyst on shift
ALT-1150,ENT-002,Apex National Bank,Unauthorized Registry Modification on SCADA HMI,Endpoint,High,APEX-CORE-BANKING-01,Closed,2026-09-21 02:37:06,2026-09-21 06:06:42,209.6,No,SOC-OP-22,Verified against change management ticket CHG-88219. Database schema update was authorized by DBA team during approved maintenance window.
ALT-1151,ENT-002,Apex National Bank,Certificate Expiration Warning on TLS Gateway,Configuration,Low,APEX-DB-CLUSTER-PRIMARY,Closed,2026-09-19 21:06:38,2026-09-19 21:39:29,32.8,No,SOC-OP-11,Source IP traced to authorized vulnerability scanner subnet running scheduled monthly credentialed scan. Host logs match Nessus user-agent profile.
ALT-1152,ENT-002,Apex National Bank,Excessive DNS Queries for DGA Domains,Network,Medium,APEX-CORE-BANKING-01,Closed,2026-09-19 03:25:39,2026-09-19 04:08:50,43.2,No,SOC-OP-25,Known scanner activity
ALT-1153,ENT-002,Apex National Bank,SWIFT Transaction Queue Tamper Event,Financial Core,Critical,APEX-DB-CLUSTER-PRIMARY,Investigating,2026-09-04 02:54:21,,0.0,Yes,SOC-OP-14,In progress by analyst on shift
ALT-1154,ENT-002,Apex National Bank,DDoS Volumetric Spike on External Gateway,Perimeter,High,APEX-HSM-VAULT-02,Closed,2026-09-21 02:06:32,2026-09-21 03:51:36,105.1,No,SOC-OP-16,Source IP traced to authorized vulnerability scanner subnet running scheduled monthly credentialed scan. Host logs match Nessus user-agent profile.
ALT-1155,ENT-002,Apex National Bank,Air Traffic Primary Radar Feed Desync,Aviation Sensor,Critical,APEX-CORE-BANKING-01,Investigating,2026-09-11 10:27:43,,0.0,Yes,SOC-OP-12,In progress by analyst on shift
ALT-1156,ENT-002,Apex National Bank,Unauthorized Registry Modification on SCADA HMI,Endpoint,Critical,APEX-SWIFT-GW-01,Escalated,2026-09-28 12:36:38,,0.0,Yes,SOC-OP-21,In progress by analyst on shift
ALT-1157,ENT-002,Apex National Bank,Excessive DNS Queries for DGA Domains,Network,Medium,APEX-ATM-SWITCH-PRD,Closed,2026-09-04 23:30:51,2026-09-05 00:46:09,75.3,No,SOC-OP-17,"Alert triaged. Observed multiple TLS handshakes from internal host to external TOR exit node. Host isolated from corporate network via EDR, forensic memory image collected, escalated to Tier 2 Incident Response."
ALT-1158,ENT-002,Apex National Bank,Multiple Failed Logins Followed by Successful Admin Access,Authentication,High,APEX-SWIFT-GW-01,Closed,2026-09-11 01:34:50,2026-09-11 03:06:36,91.8,No,SOC-OP-16,Analyst reviewed PCAP and verified destination IP is an authorized NTP server. No secondary beaconing observed. Endpoint EDR host isolation not required.
ALT-1159,ENT-002,Apex National Bank,SCADA Telemetry Protocol Disruption,ICS/SCADA,Critical,APEX-ATM-SWITCH-PRD,Closed,2026-09-23 19:35:33,2026-09-23 19:48:26,12.9,No,SOC-OP-24,Closed per shift lead
ALT-1160,ENT-002,Apex National Bank,User Account Password Changed During Off-Hours,Identity,Critical,APEX-HSM-VAULT-02,Closed,2026-09-17 09:09:12,2026-09-17 13:21:11,252.0,No,SOC-OP-25,Analyst reviewed PCAP and verified destination IP is an authorized NTP server. No secondary beaconing observed. Endpoint EDR host isolation not required.
ALT-1161,ENT-002,Apex National Bank,Multiple Failed Logins Followed by Successful Admin Access,Authentication,High,APEX-SWIFT-GW-01,Investigating,2026-09-29 06:00:08,,0.0,No,SOC-OP-22,In progress by analyst on shift
ALT-1162,ENT-002,Apex National Bank,User Account Password Changed During Off-Hours,Identity,Low,APEX-ATM-SWITCH-PRD,Investigating,2026-09-25 09:54:57,,0.0,No,SOC-OP-21,In progress by analyst on shift
ALT-1163,ENT-002,Apex National Bank,Outdated Endpoint Antivirus Signature,Endpoint Compliance,Low,APEX-CORE-BANKING-01,Escalated,2026-09-14 21:20:35,,0.0,Yes,SOC-OP-22,In progress by analyst on shift
ALT-1164,ENT-002,Apex National Bank,Unauthorized Registry Modification on SCADA HMI,Endpoint,High,APEX-SWIFT-GW-01,Closed,2026-09-08 05:28:27,2026-09-08 11:03:00,334.6,Yes,SOC-OP-24,Source IP traced to authorized vulnerability scanner subnet running scheduled monthly credentialed scan. Host logs match Nessus user-agent profile.
ALT-1165,ENT-002,Apex National Bank,DDoS Volumetric Spike on External Gateway,Perimeter,High,APEX-HSM-VAULT-02,Escalated,2026-09-25 22:22:47,,0.0,Yes,SOC-OP-11,In progress by analyst on shift
ALT-1166,ENT-002,Apex National Bank,Certificate Expiration Warning on TLS Gateway,Configuration,Low,APEX-CORE-BANKING-01,Closed,2026-09-23 22:21:12,2026-09-23 23:21:41,60.5,No,SOC-OP-12,Verified against change management ticket CHG-88219. Database schema update was authorized by DBA team during approved maintenance window.
ALT-1167,ENT-002,Apex National Bank,Outdated Endpoint Antivirus Signature,Endpoint Compliance,Low,APEX-ATM-SWITCH-PRD,Closed,2026-09-01 08:39:29,2026-09-01 09:20:42,41.2,No,SOC-OP-16,False positive
ALT-1168,ENT-002,Apex National Bank,Excessive DNS Queries for DGA Domains,Network,Medium,APEX-HSM-VAULT-02,Closed,2026-09-03 18:07:42,2026-09-03 19:02:09,54.4,No,SOC-OP-10,Resolved
ALT-1169,ENT-002,Apex National Bank,Excessive DNS Queries for DGA Domains,Network,Critical,APEX-HSM-VAULT-02,Investigating,2026-09-14 15:40:16,,0.0,No,SOC-OP-14,In progress by analyst on shift
ALT-1170,ENT-002,Apex National Bank,Excessive DNS Queries for DGA Domains,Network,Medium,APEX-DB-CLUSTER-PRIMARY,Escalated,2026-09-28 22:23:16,,0.0,Yes,SOC-OP-12,In progress by analyst on shift
ALT-1171,ENT-002,Apex National Bank,Port Scanning from Substation Segment,Network,High,APEX-CORE-BANKING-01,Closed,2026-09-09 11:49:59,2026-09-09 16:33:43,283.7,Yes,SOC-OP-11,Analyst reviewed PCAP and verified destination IP is an authorized NTP server. No secondary beaconing observed. Endpoint EDR host isolation not required.
ALT-1172,ENT-002,Apex National Bank,Air Traffic Primary Radar Feed Desync,Aviation Sensor,Critical,APEX-CORE-BANKING-01,Closed,2026-09-17 05:14:38,2026-09-17 06:04:24,49.8,No,SOC-OP-11,Investigated parent process ancestry. Confirmed legitimate administrative maintenance script signed by Enterprise IT Certificate #9914.
ALT-1173,ENT-002,Apex National Bank,User Account Password Changed During Off-Hours,Identity,Low,APEX-DB-CLUSTER-PRIMARY,Investigating,2026-09-22 19:09:50,,0.0,No,SOC-OP-24,In progress by analyst on shift
ALT-1174,ENT-002,Apex National Bank,PowerShell Script Executed with Encoded Command,Endpoint,High,APEX-SWIFT-GW-01,Closed,2026-09-25 17:10:39,2026-09-25 19:41:12,150.5,Yes,SOC-OP-23,Source IP traced to authorized vulnerability scanner subnet running scheduled monthly credentialed scan. Host logs match Nessus user-agent profile.
ALT-1175,ENT-002,Apex National Bank,Port Scanning from Substation Segment,Network,High,APEX-DB-CLUSTER-PRIMARY,Closed,2026-09-02 20:44:33,2026-09-02 21:34:41,50.1,No,SOC-OP-20,Analyst reviewed PCAP and verified destination IP is an authorized NTP server. No secondary beaconing observed. Endpoint EDR host isolation not required.
ALT-1176,ENT-002,Apex National Bank,Multiple Failed Logins Followed by Successful Admin Access,Authentication,Critical,APEX-CORE-BANKING-01,Closed,2026-09-18 05:40:53,2026-09-18 07:17:38,96.7,No,SOC-OP-21,Source IP traced to authorized vulnerability scanner subnet running scheduled monthly credentialed scan. Host logs match Nessus user-agent profile.
ALT-1177,ENT-002,Apex National Bank,Air Traffic Primary Radar Feed Desync,Aviation Sensor,Critical,APEX-HSM-VAULT-02,Closed,2026-09-10 09:56:40,2026-09-10 11:45:41,109.0,No,SOC-OP-15,Analyst reviewed PCAP and verified destination IP is an authorized NTP server. No secondary beaconing observed. Endpoint EDR host isolation not required.
ALT-1178,ENT-002,Apex National Bank,New Service Creation via PsExec,Endpoint,Medium,APEX-HSM-VAULT-02,Escalated,2026-09-22 14:10:18,,0.0,Yes,SOC-OP-12,In progress by analyst on shift
ALT-1179,ENT-002,Apex National Bank,User Account Password Changed During Off-Hours,Identity,Low,APEX-CORE-BANKING-01,Closed,2026-09-12 15:18:55,2026-09-12 16:38:10,79.2,No,SOC-OP-13,No action needed
ALT-1180,ENT-002,Apex National Bank,Outdated Endpoint Antivirus Signature,Endpoint Compliance,Low,APEX-SWIFT-GW-01,Investigating,2026-09-16 21:36:00,,0.0,No,SOC-OP-14,In progress by analyst on shift
ALT-1181,ENT-002,Apex National Bank,Multiple Failed Logins Followed by Successful Admin Access,Authentication,High,APEX-CORE-BANKING-01,Closed,2026-09-23 08:21:39,2026-09-23 14:04:59,343.3,No,SOC-OP-25,"Alert triaged. Observed multiple TLS handshakes from internal host to external TOR exit node. Host isolated from corporate network via EDR, forensic memory image collected, escalated to Tier 2 Incident Response."
ALT-1182,ENT-002,Apex National Bank,Outdated Endpoint Antivirus Signature,Endpoint Compliance,Low,APEX-SWIFT-GW-01,Closed,2026-09-27 09:45:49,2026-09-27 10:53:39,67.8,No,SOC-OP-11,Resolved
ALT-1183,ENT-002,Apex National Bank,Multiple Failed Logins Followed by Successful Admin Access,Authentication,High,APEX-SWIFT-GW-01,Investigating,2026-09-22 11:18:04,,0.0,No,SOC-OP-19,In progress by analyst on shift
ALT-1184,ENT-002,Apex National Bank,Excessive DNS Queries for DGA Domains,Network,Critical,APEX-DB-CLUSTER-PRIMARY,Closed,2026-09-09 01:35:41,2026-09-09 02:45:02,69.3,No,SOC-OP-22,"Alert triaged. Observed multiple TLS handshakes from internal host to external TOR exit node. Host isolated from corporate network via EDR, forensic memory image collected, escalated to Tier 2 Incident Response."
ALT-1185,ENT-002,Apex National Bank,Multiple Failed Logins Followed by Successful Admin Access,Authentication,High,APEX-DB-CLUSTER-PRIMARY,Escalated,2026-09-13 07:40:42,,0.0,Yes,SOC-OP-14,In progress by analyst on shift
ALT-1186,ENT-002,Apex National Bank,Outdated Endpoint Antivirus Signature,Endpoint Compliance,Low,APEX-DB-CLUSTER-PRIMARY,Closed,2026-09-12 04:07:08,2026-09-12 05:32:37,85.5,No,SOC-OP-21,Source IP traced to authorized vulnerability scanner subnet running scheduled monthly credentialed scan. Host logs match Nessus user-agent profile.
ALT-1187,ENT-002,Apex National Bank,Multiple Failed Logins Followed by Successful Admin Access,Authentication,High,APEX-ATM-SWITCH-PRD,Closed,2026-09-09 03:49:27,2026-09-09 03:55:05,5.6,No,SOC-OP-16,Ok
ALT-1188,ENT-002,Apex National Bank,SWIFT Transaction Queue Tamper Event,Financial Core,Critical,APEX-ATM-SWITCH-PRD,Closed,2026-09-29 08:11:01,2026-09-29 12:43:24,272.4,No,SOC-OP-15,Investigated parent process ancestry. Confirmed legitimate administrative maintenance script signed by Enterprise IT Certificate #9914.
ALT-1189,ENT-002,Apex National Bank,Multiple Failed Logins Followed by Successful Admin Access,Authentication,High,APEX-ATM-SWITCH-PRD,Closed,2026-09-01 16:50:53,2026-09-01 20:10:24,199.5,No,SOC-OP-24,Analyst reviewed PCAP and verified destination IP is an authorized NTP server. No secondary beaconing observed. Endpoint EDR host isolation not required.
ALT-1190,ENT-002,Apex National Bank,Outdated Endpoint Antivirus Signature,Endpoint Compliance,Low,APEX-ATM-SWITCH-PRD,Closed,2026-09-14 06:41:03,2026-09-14 07:21:34,40.5,No,SOC-OP-18,"Alert triaged. Observed multiple TLS handshakes from internal host to external TOR exit node. Host isolated from corporate network via EDR, forensic memory image collected, escalated to Tier 2 Incident Response."
ALT-1191,ENT-002,Apex National Bank,Multiple Failed Logins Followed by Successful Admin Access,Authentication,High,APEX-DB-CLUSTER-PRIMARY,Investigating,2026-09-19 15:12:35,,0.0,No,SOC-OP-22,In progress by analyst on shift
ALT-1192,ENT-002,Apex National Bank,Excessive DNS Queries for DGA Domains,Network,Medium,APEX-ATM-SWITCH-PRD,Escalated,2026-09-29 09:38:09,,0.0,Yes,SOC-OP-14,In progress by analyst on shift
ALT-1193,ENT-002,Apex National Bank,New Service Creation via PsExec,Endpoint,Critical,APEX-DB-CLUSTER-PRIMARY,Closed,2026-09-12 10:13:31,2026-09-12 11:10:08,56.6,No,SOC-OP-20,"Alert triaged. Observed multiple TLS handshakes from internal host to external TOR exit node. Host isolated from corporate network via EDR, forensic memory image collected, escalated to Tier 2 Incident Response."
ALT-1194,ENT-002,Apex National Bank,PowerShell Script Executed with Encoded Command,Endpoint,High,APEX-SWIFT-GW-01,Escalated,2026-09-09 00:00:13,,0.0,Yes,SOC-OP-12,In progress by analyst on shift
ALT-1195,ENT-002,Apex National Bank,Excessive DNS Queries for DGA Domains,Network,Medium,APEX-ATM-SWITCH-PRD,Investigating,2026-09-11 08:21:09,,0.0,No,SOC-OP-11,In progress by analyst on shift
ALT-1196,ENT-002,Apex National Bank,Privilege Escalation on Domain Controller,Authentication,Critical,APEX-SWIFT-GW-01,Closed,2026-09-29 02:31:31,2026-09-29 02:45:43,14.2,No,SOC-OP-11,Duplicate alert
ALT-1197,ENT-002,Apex National Bank,PowerShell Script Executed with Encoded Command,Endpoint,Critical,APEX-HSM-VAULT-02,Closed,2026-09-29 03:13:08,2026-09-29 03:18:06,5.0,No,SOC-OP-21,False positive
ALT-1198,ENT-002,Apex National Bank,Multiple Failed Logins Followed by Successful Admin Access,Authentication,High,APEX-CORE-BANKING-01,Closed,2026-09-08 23:12:34,2026-09-09 05:05:54,353.3,Yes,SOC-OP-25,Source IP traced to authorized vulnerability scanner subnet running scheduled monthly credentialed scan. Host logs match Nessus user-agent profile.
ALT-1199,ENT-002,Apex National Bank,Excessive DNS Queries for DGA Domains,Network,Medium,APEX-CORE-BANKING-01,Escalated,2026-09-07 15:40:01,,0.0,Yes,SOC-OP-21,In progress by analyst on shift
ALT-1200,ENT-002,Apex National Bank,New Service Creation via PsExec,Endpoint,Medium,APEX-DB-CLUSTER-PRIMARY,Closed,2026-09-08 16:44:41,2026-09-08 17:11:56,27.2,No,SOC-OP-18,Checked and safe
ALT-1201,ENT-002,Apex National Bank,DDoS Volumetric Spike on External Gateway,Perimeter,High,APEX-DB-CLUSTER-PRIMARY,Closed,2026-09-02 03:18:33,2026-09-02 05:31:27,132.9,No,SOC-OP-25,Verified against change management ticket CHG-88219. Database schema update was authorized by DBA team during approved maintenance window.
ALT-1202,ENT-002,Apex National Bank,New Service Creation via PsExec,Endpoint,Critical,APEX-HSM-VAULT-02,Closed,2026-09-08 01:04:15,2026-09-08 04:43:35,219.3,Yes,SOC-OP-21,Analyst reviewed PCAP and verified destination IP is an authorized NTP server. No secondary beaconing observed. Endpoint EDR host isolation not required.
ALT-1203,ENT-002,Apex National Bank,Port Scanning from Substation Segment,Network,High,APEX-HSM-VAULT-02,Investigating,2026-09-22 20:42:42,,0.0,No,SOC-OP-22,In progress by analyst on shift
ALT-1204,ENT-002,Apex National Bank,DDoS Volumetric Spike on External Gateway,Perimeter,High,APEX-DB-CLUSTER-PRIMARY,Escalated,2026-09-22 01:53:51,,0.0,Yes,SOC-OP-19,In progress by analyst on shift
ALT-1205,ENT-002,Apex National Bank,SWIFT Transaction Queue Tamper Event,Financial Core,Critical,APEX-SWIFT-GW-01,Closed,2026-09-26 19:31:09,2026-09-26 19:41:56,10.8,No,SOC-OP-22,--
ALT-1206,ENT-002,Apex National Bank,Unusual Outbound C2 Traffic to Bulletproof Host,Network,Critical,APEX-DB-CLUSTER-PRIMARY,Closed,2026-09-17 13:41:02,2026-09-17 13:46:03,5.0,No,SOC-OP-25,N/A
ALT-1207,ENT-002,Apex National Bank,Unusual Outbound C2 Traffic to Bulletproof Host,Network,Critical,APEX-CORE-BANKING-01,Closed,2026-09-10 00:22:30,2026-09-10 00:28:09,5.6,No,SOC-OP-25,--
ALT-1208,ENT-002,Apex National Bank,SCADA Telemetry Protocol Disruption,ICS/SCADA,Critical,APEX-ATM-SWITCH-PRD,Closed,2026-09-21 07:27:54,2026-09-21 11:41:56,254.0,Yes,SOC-OP-22,Investigated parent process ancestry. Confirmed legitimate administrative maintenance script signed by Enterprise IT Certificate #9914.
ALT-1209,ENT-002,Apex National Bank,DDoS Volumetric Spike on External Gateway,Perimeter,Critical,APEX-HSM-VAULT-02,Closed,2026-09-05 02:59:50,2026-09-05 07:40:30,280.7,No,SOC-OP-21,Investigated parent process ancestry. Confirmed legitimate administrative maintenance script signed by Enterprise IT Certificate #9914.
ALT-1210,ENT-002,Apex National Bank,Certificate Expiration Warning on TLS Gateway,Configuration,Low,APEX-ATM-SWITCH-PRD,Closed,2026-09-23 18:25:56,2026-09-23 18:38:59,13.0,No,SOC-OP-16,N/A
ALT-1211,ENT-002,Apex National Bank,Air Traffic Primary Radar Feed Desync,Aviation Sensor,Critical,APEX-DB-CLUSTER-PRIMARY,Closed,2026-09-23 13:14:16,2026-09-23 13:31:38,17.4,No,SOC-OP-10,False positive
ALT-1212,ENT-002,Apex National Bank,User Account Password Changed During Off-Hours,Identity,Low,APEX-DB-CLUSTER-PRIMARY,Escalated,2026-09-06 12:24:50,,0.0,Yes,SOC-OP-13,In progress by analyst on shift
ALT-1213,ENT-002,Apex National Bank,SCADA Telemetry Protocol Disruption,ICS/SCADA,Critical,APEX-DB-CLUSTER-PRIMARY,Closed,2026-09-26 03:55:16,2026-09-26 04:05:14,10.0,No,SOC-OP-18,Resolved
ALT-1214,ENT-002,Apex National Bank,Unusual Outbound C2 Traffic to Bulletproof Host,Network,Critical,APEX-SWIFT-GW-01,Closed,2026-09-09 18:27:05,2026-09-09 18:43:53,16.8,No,SOC-OP-13,Resolved
ALT-1215,ENT-002,Apex National Bank,User Account Password Changed During Off-Hours,Identity,Low,APEX-DB-CLUSTER-PRIMARY,Closed,2026-09-04 03:32:44,2026-09-04 04:59:16,86.5,No,SOC-OP-14,Ok
ALT-1216,ENT-002,Apex National Bank,Port Scanning from Substation Segment,Network,High,APEX-DB-CLUSTER-PRIMARY,Escalated,2026-09-20 23:08:56,,0.0,Yes,SOC-OP-22,In progress by analyst on shift
ALT-1217,ENT-002,Apex National Bank,Certificate Expiration Warning on TLS Gateway,Configuration,Low,APEX-CORE-BANKING-01,Escalated,2026-09-24 15:57:23,,0.0,Yes,SOC-OP-15,In progress by analyst on shift
ALT-1218,ENT-002,Apex National Bank,Privilege Escalation on Domain Controller,Authentication,Critical,APEX-CORE-BANKING-01,Escalated,2026-09-25 16:40:13,,0.0,Yes,SOC-OP-15,In progress by analyst on shift
ALT-1219,ENT-002,Apex National Bank,SCADA Telemetry Protocol Disruption,ICS/SCADA,Critical,APEX-SWIFT-GW-01,Investigating,2026-09-09 16:43:41,,0.0,Yes,SOC-OP-20,In progress by analyst on shift
ALT-1220,ENT-002,Apex National Bank,Port Scanning from Substation Segment,Network,High,APEX-ATM-SWITCH-PRD,Closed,2026-09-13 20:02:11,2026-09-13 20:13:37,11.4,No,SOC-OP-24,Checked and safe
ALT-1221,ENT-002,Apex National Bank,New Service Creation via PsExec,Endpoint,Medium,APEX-ATM-SWITCH-PRD,Escalated,2026-09-05 10:16:23,,0.0,Yes,SOC-OP-24,In progress by analyst on shift
ALT-1222,ENT-002,Apex National Bank,PowerShell Script Executed with Encoded Command,Endpoint,High,APEX-HSM-VAULT-02,Closed,2026-09-25 00:26:39,2026-09-25 00:32:45,6.1,No,SOC-OP-15,Ok
ALT-1223,ENT-002,Apex National Bank,New Service Creation via PsExec,Endpoint,Medium,APEX-ATM-SWITCH-PRD,Closed,2026-09-05 19:22:04,2026-09-05 19:55:45,33.7,No,SOC-OP-16,Verified against change management ticket CHG-88219. Database schema update was authorized by DBA team during approved maintenance window.
ALT-1224,ENT-002,Apex National Bank,Multiple Failed Logins Followed by Successful Admin Access,Authentication,High,APEX-CORE-BANKING-01,Closed,2026-09-16 09:24:42,2026-09-16 09:34:33,9.8,No,SOC-OP-21,Checked and safe
ALT-1225,ENT-002,Apex National Bank,Port Scanning from Substation Segment,Network,High,APEX-SWIFT-GW-01,Closed,2026-09-05 02:08:49,2026-09-05 03:03:36,54.8,No,SOC-OP-22,Source IP traced to authorized vulnerability scanner subnet running scheduled monthly credentialed scan. Host logs match Nessus user-agent profile.
ALT-1226,ENT-002,Apex National Bank,Air Traffic Primary Radar Feed Desync,Aviation Sensor,Critical,APEX-ATM-SWITCH-PRD,Investigating,2026-09-02 08:15:30,,0.0,Yes,SOC-OP-23,In progress by analyst on shift
ALT-1227,ENT-002,Apex National Bank,DDoS Volumetric Spike on External Gateway,Perimeter,High,APEX-DB-CLUSTER-PRIMARY,Closed,2026-09-15 22:09:24,2026-09-15 22:25:54,16.5,No,SOC-OP-23,N/A
ALT-1228,ENT-002,Apex National Bank,DDoS Volumetric Spike on External Gateway,Perimeter,High,APEX-DB-CLUSTER-PRIMARY,Closed,2026-08-30 16:25:51,2026-08-30 18:07:41,101.8,No,SOC-OP-14,Analyst reviewed PCAP and verified destination IP is an authorized NTP server. No secondary beaconing observed. Endpoint EDR host isolation not required.
ALT-1229,ENT-002,Apex National Bank,Outdated Endpoint Antivirus Signature,Endpoint Compliance,Critical,APEX-SWIFT-GW-01,Closed,2026-09-04 17:55:31,2026-09-04 22:09:22,253.8,No,SOC-OP-22,Investigated parent process ancestry. Confirmed legitimate administrative maintenance script signed by Enterprise IT Certificate #9914.
ALT-1230,ENT-002,Apex National Bank,Unusual Outbound C2 Traffic to Bulletproof Host,Network,Critical,APEX-ATM-SWITCH-PRD,Closed,2026-09-28 03:20:05,2026-09-28 03:32:23,12.3,No,SOC-OP-23,False positive
ALT-1231,ENT-002,Apex National Bank,SWIFT Transaction Queue Tamper Event,Financial Core,Critical,APEX-DB-CLUSTER-PRIMARY,Closed,2026-09-21 21:55:26,2026-09-21 22:12:15,16.8,No,SOC-OP-19,Duplicate alert
ALT-1232,ENT-002,Apex National Bank,Outdated Endpoint Antivirus Signature,Endpoint Compliance,Low,APEX-HSM-VAULT-02,Closed,2026-09-17 23:27:28,2026-09-18 00:38:08,70.7,No,SOC-OP-13,Source IP traced to authorized vulnerability scanner subnet running scheduled monthly credentialed scan. Host logs match Nessus user-agent profile.
ALT-1233,ENT-002,Apex National Bank,Multiple Failed Logins Followed by Successful Admin Access,Authentication,Critical,APEX-ATM-SWITCH-PRD,Closed,2026-09-06 23:52:09,2026-09-07 00:10:01,17.9,No,SOC-OP-21,Resolved
ALT-1234,ENT-002,Apex National Bank,Privilege Escalation on Domain Controller,Authentication,Critical,APEX-SWIFT-GW-01,Closed,2026-09-28 23:11:06,2026-09-29 03:02:07,231.0,No,SOC-OP-13,Investigated parent process ancestry. Confirmed legitimate administrative maintenance script signed by Enterprise IT Certificate #9914.
ALT-1235,ENT-002,Apex National Bank,Outdated Endpoint Antivirus Signature,Endpoint Compliance,Low,APEX-CORE-BANKING-01,Closed,2026-09-06 09:33:59,2026-09-06 10:39:31,65.5,No,SOC-OP-18,Analyst reviewed PCAP and verified destination IP is an authorized NTP server. No secondary beaconing observed. Endpoint EDR host isolation not required.
ALT-1236,ENT-002,Apex National Bank,Excessive DNS Queries for DGA Domains,Network,Medium,APEX-ATM-SWITCH-PRD,Investigating,2026-09-13 22:45:03,,0.0,No,SOC-OP-22,In progress by analyst on shift
ALT-1237,ENT-002,Apex National Bank,Multiple Failed Logins Followed by Successful Admin Access,Authentication,High,APEX-ATM-SWITCH-PRD,Escalated,2026-09-21 23:54:39,,0.0,Yes,SOC-OP-24,In progress by analyst on shift
ALT-1238,ENT-002,Apex National Bank,DDoS Volumetric Spike on External Gateway,Perimeter,High,APEX-HSM-VAULT-02,Closed,2026-09-22 14:06:24,2026-09-22 14:22:47,16.4,No,SOC-OP-23,Duplicate alert
ALT-1239,ENT-002,Apex National Bank,Privilege Escalation on Domain Controller,Authentication,Critical,APEX-DB-CLUSTER-PRIMARY,Closed,2026-09-17 01:53:01,2026-09-17 02:06:24,13.4,No,SOC-OP-23,Known scanner activity
ALT-1240,ENT-002,Apex National Bank,Certificate Expiration Warning on TLS Gateway,Configuration,Critical,APEX-CORE-BANKING-01,Closed,2026-09-20 08:43:18,2026-09-20 08:51:29,8.2,No,SOC-OP-15,Resolved
ALT-1241,ENT-003,Bharat Telecom Ltd,DDoS Volumetric Spike on External Gateway,Perimeter,High,BTL-CORE-RADIUS-01,Closed,2026-09-15 12:43:32,2026-09-15 15:25:23,161.8,No,SOC-OP-17,Source IP traced to authorized vulnerability scanner subnet running scheduled monthly credentialed scan. Host logs match Nessus user-agent profile.
ALT-1242,ENT-003,Bharat Telecom Ltd,Port Scanning from Substation Segment,Network,High,BTL-VLR-AUTH-CLUSTER,Investigating,2026-09-05 12:40:23,,0.0,No,SOC-OP-11,In progress by analyst on shift
ALT-1243,ENT-003,Bharat Telecom Ltd,PowerShell Script Executed with Encoded Command,Endpoint,High,BTL-SS7-FIREWALL-NODE,Closed,2026-09-24 13:46:10,2026-09-24 15:24:55,98.7,No,SOC-OP-13,"Alert triaged. Observed multiple TLS handshakes from internal host to external TOR exit node. Host isolated from corporate network via EDR, forensic memory image collected, escalated to Tier 2 Incident Response."
ALT-1244,ENT-003,Bharat Telecom Ltd,New Service Creation via PsExec,Endpoint,Critical,BTL-VLR-AUTH-CLUSTER,Closed,2026-09-08 10:16:10,2026-09-08 11:08:59,52.8,No,SOC-OP-21,Source IP traced to authorized vulnerability scanner subnet running scheduled monthly credentialed scan. Host logs match Nessus user-agent profile.
ALT-1245,ENT-003,Bharat Telecom Ltd,Port Scanning from Substation Segment,Network,High,BTL-VLR-AUTH-CLUSTER,Closed,2026-09-28 03:35:05,2026-09-28 06:04:19,149.2,No,SOC-OP-10,Investigated parent process ancestry. Confirmed legitimate administrative maintenance script signed by Enterprise IT Certificate #9914.
ALT-1246,ENT-003,Bharat Telecom Ltd,Outdated Endpoint Antivirus Signature,Endpoint Compliance,Low,BTL-5G-UPF-DATAPLANE,Closed,2026-09-28 09:37:59,2026-09-28 10:44:16,66.3,No,SOC-OP-10,Verified against change management ticket CHG-88219. Database schema update was authorized by DBA team during approved maintenance window.
ALT-1247,ENT-003,Bharat Telecom Ltd,User Account Password Changed During Off-Hours,Identity,Low,BTL-SS7-FIREWALL-NODE,Investigating,2026-09-27 14:59:32,,0.0,No,SOC-OP-25,In progress by analyst on shift
ALT-1248,ENT-003,Bharat Telecom Ltd,SWIFT Transaction Queue Tamper Event,Financial Core,Critical,BTL-SS7-FIREWALL-NODE,Closed,2026-09-26 22:48:50,2026-09-27 00:55:48,127.0,No,SOC-OP-12,"Alert triaged. Observed multiple TLS handshakes from internal host to external TOR exit node. Host isolated from corporate network via EDR, forensic memory image collected, escalated to Tier 2 Incident Response."
ALT-1249,ENT-003,Bharat Telecom Ltd,Port Scanning from Substation Segment,Network,High,BTL-CORE-RADIUS-01,Closed,2026-09-09 19:15:56,2026-09-09 20:33:51,77.9,No,SOC-OP-10,"Alert triaged. Observed multiple TLS handshakes from internal host to external TOR exit node. Host isolated from corporate network via EDR, forensic memory image collected, escalated to Tier 2 Incident Response."
ALT-1250,ENT-003,Bharat Telecom Ltd,User Account Password Changed During Off-Hours,Identity,Low,BTL-SS7-FIREWALL-NODE,Closed,2026-09-24 03:53:29,2026-09-24 05:06:59,73.5,No,SOC-OP-19,Investigated parent process ancestry. Confirmed legitimate administrative maintenance script signed by Enterprise IT Certificate #9914.
ALT-1251,ENT-003,Bharat Telecom Ltd,Unauthorized Registry Modification on SCADA HMI,Endpoint,High,BTL-CORE-RADIUS-01,Escalated,2026-09-04 11:09:01,,0.0,Yes,SOC-OP-23,In progress by analyst on shift
ALT-1252,ENT-003,Bharat Telecom Ltd,Multiple Failed Logins Followed by Successful Admin Access,Authentication,High,BTL-5G-UPF-DATAPLANE,Investigating,2026-09-12 17:26:53,,0.0,No,SOC-OP-18,In progress by analyst on shift
ALT-1253,ENT-003,Bharat Telecom Ltd,Excessive DNS Queries for DGA Domains,Network,Medium,BTL-SS7-FIREWALL-NODE,Closed,2026-09-07 12:05:11,2026-09-07 13:18:21,73.2,No,SOC-OP-18,"Alert triaged. Observed multiple TLS handshakes from internal host to external TOR exit node. Host isolated from corporate network via EDR, forensic memory image collected, escalated to Tier 2 Incident Response."
ALT-1254,ENT-003,Bharat Telecom Ltd,SWIFT Transaction Queue Tamper Event,Financial Core,Critical,BTL-5G-UPF-DATAPLANE,Closed,2026-09-03 11:31:51,2026-09-03 15:21:04,229.2,No,SOC-OP-22,"Alert triaged. Observed multiple TLS handshakes from internal host to external TOR exit node. Host isolated from corporate network via EDR, forensic memory image collected, escalated to Tier 2 Incident Response."
ALT-1255,ENT-003,Bharat Telecom Ltd,Multiple Failed Logins Followed by Successful Admin Access,Authentication,High,BTL-5G-UPF-DATAPLANE,Escalated,2026-09-19 22:11:57,,0.0,Yes,SOC-OP-17,In progress by analyst on shift
ALT-1256,ENT-003,Bharat Telecom Ltd,Multiple Failed Logins Followed by Successful Admin Access,Authentication,High,BTL-SS7-FIREWALL-NODE,Investigating,2026-09-24 20:09:39,,0.0,No,SOC-OP-13,In progress by analyst on shift
ALT-1257,ENT-003,Bharat Telecom Ltd,Air Traffic Primary Radar Feed Desync,Aviation Sensor,Critical,BTL-SS7-FIREWALL-NODE,Closed,2026-09-16 04:59:11,2026-09-16 07:34:22,155.2,No,SOC-OP-21,Analyst reviewed PCAP and verified destination IP is an authorized NTP server. No secondary beaconing observed. Endpoint EDR host isolation not required.
ALT-1258,ENT-003,Bharat Telecom Ltd,New Service Creation via PsExec,Endpoint,Medium,BTL-5G-UPF-DATAPLANE,Closed,2026-09-26 15:58:54,2026-09-26 16:59:44,60.8,No,SOC-OP-12,"Alert triaged. Observed multiple TLS handshakes from internal host to external TOR exit node. Host isolated from corporate network via EDR, forensic memory image collected, escalated to Tier 2 Incident Response."
ALT-1259,ENT-003,Bharat Telecom Ltd,Privilege Escalation on Domain Controller,Authentication,Critical,BTL-VLR-AUTH-CLUSTER,Closed,2026-09-23 05:37:53,2026-09-23 06:29:22,51.5,No,SOC-OP-18,Investigated parent process ancestry. Confirmed legitimate administrative maintenance script signed by Enterprise IT Certificate #9914.
ALT-1260,ENT-003,Bharat Telecom Ltd,User Account Password Changed During Off-Hours,Identity,Low,BTL-VLR-AUTH-CLUSTER,Closed,2026-09-07 17:13:55,2026-09-07 18:21:03,67.1,No,SOC-OP-18,N/A
ALT-1261,ENT-003,Bharat Telecom Ltd,Port Scanning from Substation Segment,Network,High,BTL-5G-UPF-DATAPLANE,Investigating,2026-09-22 01:07:02,,0.0,No,SOC-OP-14,In progress by analyst on shift
ALT-1262,ENT-003,Bharat Telecom Ltd,User Account Password Changed During Off-Hours,Identity,Low,BTL-5G-UPF-DATAPLANE,Escalated,2026-09-07 12:47:58,,0.0,Yes,SOC-OP-19,In progress by analyst on shift
ALT-1263,ENT-003,Bharat Telecom Ltd,SWIFT Transaction Queue Tamper Event,Financial Core,Critical,BTL-CORE-RADIUS-01,Escalated,2026-09-22 11:57:03,,0.0,Yes,SOC-OP-12,In progress by analyst on shift
ALT-1264,ENT-003,Bharat Telecom Ltd,Privilege Escalation on Domain Controller,Authentication,Critical,BTL-CORE-RADIUS-01,Closed,2026-09-07 05:00:57,2026-09-07 08:58:28,237.5,Yes,SOC-OP-11,"Alert triaged. Observed multiple TLS handshakes from internal host to external TOR exit node. Host isolated from corporate network via EDR, forensic memory image collected, escalated to Tier 2 Incident Response."
ALT-1265,ENT-003,Bharat Telecom Ltd,Unauthorized Registry Modification on SCADA HMI,Endpoint,High,BTL-VLR-AUTH-CLUSTER,Closed,2026-09-05 06:23:30,2026-09-05 09:20:13,176.7,No,SOC-OP-23,Verified against change management ticket CHG-88219. Database schema update was authorized by DBA team during approved maintenance window.
ALT-1266,ENT-003,Bharat Telecom Ltd,Unusual Outbound C2 Traffic to Bulletproof Host,Network,Critical,BTL-CORE-RADIUS-01,Escalated,2026-09-24 19:57:15,,0.0,Yes,SOC-OP-24,In progress by analyst on shift
ALT-1267,ENT-003,Bharat Telecom Ltd,Air Traffic Primary Radar Feed Desync,Aviation Sensor,Critical,BTL-SS7-FIREWALL-NODE,Escalated,2026-09-15 01:03:31,,0.0,Yes,SOC-OP-10,In progress by analyst on shift
ALT-1268,ENT-003,Bharat Telecom Ltd,Privilege Escalation on Domain Controller,Authentication,Critical,BTL-VLR-AUTH-CLUSTER,Closed,2026-09-23 21:15:44,2026-09-24 00:33:58,198.2,Yes,SOC-OP-10,Verified against change management ticket CHG-88219. Database schema update was authorized by DBA team during approved maintenance window.
ALT-1269,ENT-003,Bharat Telecom Ltd,Port Scanning from Substation Segment,Network,High,BTL-VLR-AUTH-CLUSTER,Closed,2026-09-04 03:08:51,2026-09-04 04:47:03,98.2,No,SOC-OP-11,"Alert triaged. Observed multiple TLS handshakes from internal host to external TOR exit node. Host isolated from corporate network via EDR, forensic memory image collected, escalated to Tier 2 Incident Response."
ALT-1270,ENT-003,Bharat Telecom Ltd,Privilege Escalation on Domain Controller,Authentication,Critical,BTL-CORE-RADIUS-01,Closed,2026-09-22 17:45:44,2026-09-22 19:24:43,99.0,No,SOC-OP-10,Investigated parent process ancestry. Confirmed legitimate administrative maintenance script signed by Enterprise IT Certificate #9914.
ALT-1271,ENT-003,Bharat Telecom Ltd,Air Traffic Primary Radar Feed Desync,Aviation Sensor,Critical,BTL-SS7-FIREWALL-NODE,Escalated,2026-09-20 02:38:47,,0.0,Yes,SOC-OP-20,In progress by analyst on shift
ALT-1272,ENT-003,Bharat Telecom Ltd,Excessive DNS Queries for DGA Domains,Network,Medium,BTL-SS7-FIREWALL-NODE,Closed,2026-09-25 11:16:28,2026-09-25 12:05:04,48.6,No,SOC-OP-16,Investigated parent process ancestry. Confirmed legitimate administrative maintenance script signed by Enterprise IT Certificate #9914.
ALT-1273,ENT-003,Bharat Telecom Ltd,SCADA Telemetry Protocol Disruption,ICS/SCADA,Critical,BTL-5G-UPF-DATAPLANE,Closed,2026-09-28 01:45:16,2026-09-28 04:16:16,151.0,Yes,SOC-OP-19,"Alert triaged. Observed multiple TLS handshakes from internal host to external TOR exit node. Host isolated from corporate network via EDR, forensic memory image collected, escalated to Tier 2 Incident Response."
ALT-1274,ENT-003,Bharat Telecom Ltd,Excessive DNS Queries for DGA Domains,Network,Medium,BTL-CORE-RADIUS-01,Closed,2026-09-12 00:58:04,2026-09-12 01:35:57,37.9,No,SOC-OP-21,Known scanner activity
ALT-1275,ENT-003,Bharat Telecom Ltd,Air Traffic Primary Radar Feed Desync,Aviation Sensor,Critical,BTL-CORE-RADIUS-01,Closed,2026-09-09 20:08:24,2026-09-09 22:00:26,112.0,No,SOC-OP-10,Source IP traced to authorized vulnerability scanner subnet running scheduled monthly credentialed scan. Host logs match Nessus user-agent profile.
ALT-1276,ENT-003,Bharat Telecom Ltd,Excessive DNS Queries for DGA Domains,Network,Medium,BTL-SS7-FIREWALL-NODE,Closed,2026-09-06 05:32:45,2026-09-06 05:51:23,18.6,No,SOC-OP-23,Verified against change management ticket CHG-88219. Database schema update was authorized by DBA team during approved maintenance window.
ALT-1277,ENT-003,Bharat Telecom Ltd,DDoS Volumetric Spike on External Gateway,Perimeter,High,BTL-5G-UPF-DATAPLANE,Escalated,2026-09-24 06:14:58,,0.0,Yes,SOC-OP-22,In progress by analyst on shift
ALT-1278,ENT-003,Bharat Telecom Ltd,New Service Creation via PsExec,Endpoint,Medium,BTL-SS7-FIREWALL-NODE,Closed,2026-09-22 23:50:43,2026-09-23 00:44:59,54.3,No,SOC-OP-10,Verified against change management ticket CHG-88219. Database schema update was authorized by DBA team during approved maintenance window.
ALT-1279,ENT-003,Bharat Telecom Ltd,SCADA Telemetry Protocol Disruption,ICS/SCADA,Critical,BTL-SS7-FIREWALL-NODE,Closed,2026-09-27 05:06:41,2026-09-27 07:43:53,157.2,No,SOC-OP-16,"Alert triaged. Observed multiple TLS handshakes from internal host to external TOR exit node. Host isolated from corporate network via EDR, forensic memory image collected, escalated to Tier 2 Incident Response."
ALT-1280,ENT-003,Bharat Telecom Ltd,Unauthorized Registry Modification on SCADA HMI,Endpoint,High,BTL-VLR-AUTH-CLUSTER,Investigating,2026-09-26 00:59:06,,0.0,No,SOC-OP-23,In progress by analyst on shift
ALT-1281,ENT-003,Bharat Telecom Ltd,User Account Password Changed During Off-Hours,Identity,Low,BTL-SS7-FIREWALL-NODE,Closed,2026-09-10 01:32:28,2026-09-10 02:34:03,61.6,No,SOC-OP-22,Analyst reviewed PCAP and verified destination IP is an authorized NTP server. No secondary beaconing observed. Endpoint EDR host isolation not required.
ALT-1282,ENT-003,Bharat Telecom Ltd,DDoS Volumetric Spike on External Gateway,Perimeter,High,BTL-CORE-RADIUS-01,Closed,2026-09-09 23:16:55,2026-09-10 00:46:30,89.6,No,SOC-OP-23,Source IP traced to authorized vulnerability scanner subnet running scheduled monthly credentialed scan. Host logs match Nessus user-agent profile.
ALT-1283,ENT-003,Bharat Telecom Ltd,DDoS Volumetric Spike on External Gateway,Perimeter,High,BTL-5G-UPF-DATAPLANE,Escalated,2026-09-04 15:05:57,,0.0,Yes,SOC-OP-19,In progress by analyst on shift
ALT-1284,ENT-003,Bharat Telecom Ltd,SWIFT Transaction Queue Tamper Event,Financial Core,Critical,BTL-SS7-FIREWALL-NODE,Investigating,2026-09-20 00:31:44,,0.0,Yes,SOC-OP-23,In progress by analyst on shift
ALT-1285,ENT-003,Bharat Telecom Ltd,New Service Creation via PsExec,Endpoint,Medium,BTL-VLR-AUTH-CLUSTER,Closed,2026-09-14 00:40:31,2026-09-14 02:00:08,79.6,No,SOC-OP-22,Verified against change management ticket CHG-88219. Database schema update was authorized by DBA team during approved maintenance window.
ALT-1286,ENT-003,Bharat Telecom Ltd,Outdated Endpoint Antivirus Signature,Endpoint Compliance,Low,BTL-CORE-RADIUS-01,Closed,2026-09-08 06:38:32,2026-09-08 07:01:50,23.3,No,SOC-OP-18,"Alert triaged. Observed multiple TLS handshakes from internal host to external TOR exit node. Host isolated from corporate network via EDR, forensic memory image collected, escalated to Tier 2 Incident Response."
ALT-1287,ENT-003,Bharat Telecom Ltd,New Service Creation via PsExec,Endpoint,Medium,BTL-VLR-AUTH-CLUSTER,Closed,2026-09-09 07:04:47,2026-09-09 08:16:23,71.6,No,SOC-OP-16,Source IP traced to authorized vulnerability scanner subnet running scheduled monthly credentialed scan. Host logs match Nessus user-agent profile.
ALT-1288,ENT-003,Bharat Telecom Ltd,Privilege Escalation on Domain Controller,Authentication,Critical,BTL-CORE-RADIUS-01,Escalated,2026-09-05 21:55:46,,0.0,Yes,SOC-OP-25,In progress by analyst on shift
ALT-1289,ENT-003,Bharat Telecom Ltd,SCADA Telemetry Protocol Disruption,ICS/SCADA,Critical,BTL-VLR-AUTH-CLUSTER,Closed,2026-09-16 03:38:13,2026-09-16 06:59:10,200.9,No,SOC-OP-15,"Alert triaged. Observed multiple TLS handshakes from internal host to external TOR exit node. Host isolated from corporate network via EDR, forensic memory image collected, escalated to Tier 2 Incident Response."
ALT-1290,ENT-003,Bharat Telecom Ltd,Certificate Expiration Warning on TLS Gateway,Configuration,Low,BTL-SS7-FIREWALL-NODE,Escalated,2026-09-08 00:18:57,,0.0,Yes,SOC-OP-22,In progress by analyst on shift
ALT-1291,ENT-003,Bharat Telecom Ltd,Privilege Escalation on Domain Controller,Authentication,Critical,BTL-CORE-RADIUS-01,Closed,2026-09-25 04:49:21,2026-09-25 07:30:57,161.6,Yes,SOC-OP-22,Source IP traced to authorized vulnerability scanner subnet running scheduled monthly credentialed scan. Host logs match Nessus user-agent profile.
ALT-1292,ENT-003,Bharat Telecom Ltd,SCADA Telemetry Protocol Disruption,ICS/SCADA,Critical,BTL-CORE-RADIUS-01,Closed,2026-09-13 00:35:15,2026-09-13 01:36:31,61.3,No,SOC-OP-15,Analyst reviewed PCAP and verified destination IP is an authorized NTP server. No secondary beaconing observed. Endpoint EDR host isolation not required.
ALT-1293,ENT-003,Bharat Telecom Ltd,PowerShell Script Executed with Encoded Command,Endpoint,High,BTL-CORE-RADIUS-01,Closed,2026-09-28 09:36:52,2026-09-28 12:36:02,179.2,No,SOC-OP-22,"Alert triaged. Observed multiple TLS handshakes from internal host to external TOR exit node. Host isolated from corporate network via EDR, forensic memory image collected, escalated to Tier 2 Incident Response."
ALT-1294,ENT-003,Bharat Telecom Ltd,SWIFT Transaction Queue Tamper Event,Financial Core,Critical,BTL-VLR-AUTH-CLUSTER,Closed,2026-09-16 07:06:53,2026-09-16 10:55:36,228.7,No,SOC-OP-23,"Alert triaged. Observed multiple TLS handshakes from internal host to external TOR exit node. Host isolated from corporate network via EDR, forensic memory image collected, escalated to Tier 2 Incident Response."
ALT-1295,ENT-003,Bharat Telecom Ltd,Certificate Expiration Warning on TLS Gateway,Configuration,Low,BTL-CORE-RADIUS-01,Closed,2026-09-09 05:16:57,2026-09-09 06:34:30,77.5,No,SOC-OP-24,"Alert triaged. Observed multiple TLS handshakes from internal host to external TOR exit node. Host isolated from corporate network via EDR, forensic memory image collected, escalated to Tier 2 Incident Response."
ALT-1296,ENT-003,Bharat Telecom Ltd,New Service Creation via PsExec,Endpoint,Medium,BTL-VLR-AUTH-CLUSTER,Escalated,2026-09-15 06:48:23,,0.0,Yes,SOC-OP-23,In progress by analyst on shift
ALT-1297,ENT-003,Bharat Telecom Ltd,PowerShell Script Executed with Encoded Command,Endpoint,High,BTL-VLR-AUTH-CLUSTER,Escalated,2026-09-10 15:13:29,,0.0,Yes,SOC-OP-24,In progress by analyst on shift
ALT-1298,ENT-003,Bharat Telecom Ltd,User Account Password Changed During Off-Hours,Identity,Low,BTL-VLR-AUTH-CLUSTER,Closed,2026-09-05 04:27:25,2026-09-05 05:43:26,76.0,No,SOC-OP-21,Verified against change management ticket CHG-88219. Database schema update was authorized by DBA team during approved maintenance window.
ALT-1299,ENT-003,Bharat Telecom Ltd,Port Scanning from Substation Segment,Network,High,BTL-5G-UPF-DATAPLANE,Closed,2026-08-31 18:49:40,2026-08-31 21:10:57,141.3,No,SOC-OP-23,Verified against change management ticket CHG-88219. Database schema update was authorized by DBA team during approved maintenance window.
ALT-1300,ENT-003,Bharat Telecom Ltd,Privilege Escalation on Domain Controller,Authentication,Critical,BTL-VLR-AUTH-CLUSTER,Closed,2026-09-05 23:45:55,2026-09-06 03:32:56,227.0,Yes,SOC-OP-19,Investigated parent process ancestry. Confirmed legitimate administrative maintenance script signed by Enterprise IT Certificate #9914.
ALT-1301,ENT-003,Bharat Telecom Ltd,Certificate Expiration Warning on TLS Gateway,Configuration,Low,BTL-CORE-RADIUS-01,Closed,2026-09-03 03:30:37,2026-09-03 04:55:36,85.0,No,SOC-OP-25,Resolved
ALT-1302,ENT-003,Bharat Telecom Ltd,Privilege Escalation on Domain Controller,Authentication,Critical,BTL-CORE-RADIUS-01,Closed,2026-09-06 04:24:37,2026-09-06 08:20:42,236.1,Yes,SOC-OP-22,Source IP traced to authorized vulnerability scanner subnet running scheduled monthly credentialed scan. Host logs match Nessus user-agent profile.
ALT-1303,ENT-003,Bharat Telecom Ltd,Excessive DNS Queries for DGA Domains,Network,Medium,BTL-SS7-FIREWALL-NODE,Closed,2026-08-30 22:07:57,2026-08-30 22:49:01,41.1,No,SOC-OP-22,Analyst reviewed PCAP and verified destination IP is an authorized NTP server. No secondary beaconing observed. Endpoint EDR host isolation not required.
ALT-1304,ENT-003,Bharat Telecom Ltd,Privilege Escalation on Domain Controller,Authentication,Critical,BTL-VLR-AUTH-CLUSTER,Closed,2026-09-28 12:38:11,2026-09-28 14:05:08,86.9,No,SOC-OP-15,Investigated parent process ancestry. Confirmed legitimate administrative maintenance script signed by Enterprise IT Certificate #9914.
ALT-1305,ENT-003,Bharat Telecom Ltd,User Account Password Changed During Off-Hours,Identity,Low,BTL-CORE-RADIUS-01,Closed,2026-09-01 13:05:35,2026-09-01 14:06:03,60.5,No,SOC-OP-15,--
ALT-1306,ENT-003,Bharat Telecom Ltd,New Service Creation via PsExec,Endpoint,Medium,BTL-SS7-FIREWALL-NODE,Escalated,2026-09-19 22:50:55,,0.0,Yes,SOC-OP-22,In progress by analyst on shift
ALT-1307,ENT-003,Bharat Telecom Ltd,SWIFT Transaction Queue Tamper Event,Financial Core,Critical,BTL-CORE-RADIUS-01,Closed,2026-09-25 10:38:36,2026-09-25 11:41:43,63.1,Yes,SOC-OP-12,Verified against change management ticket CHG-88219. Database schema update was authorized by DBA team during approved maintenance window.
ALT-1308,ENT-003,Bharat Telecom Ltd,PowerShell Script Executed with Encoded Command,Endpoint,High,BTL-SS7-FIREWALL-NODE,Closed,2026-09-09 13:00:28,2026-09-09 15:04:02,123.6,No,SOC-OP-14,Verified against change management ticket CHG-88219. Database schema update was authorized by DBA team during approved maintenance window.
ALT-1309,ENT-003,Bharat Telecom Ltd,Port Scanning from Substation Segment,Network,High,BTL-VLR-AUTH-CLUSTER,Closed,2026-09-10 06:36:18,2026-09-10 07:38:52,62.6,No,SOC-OP-11,Source IP traced to authorized vulnerability scanner subnet running scheduled monthly credentialed scan. Host logs match Nessus user-agent profile.
ALT-1310,ENT-003,Bharat Telecom Ltd,New Service Creation via PsExec,Endpoint,Medium,BTL-5G-UPF-DATAPLANE,Closed,2026-09-17 07:23:23,2026-09-17 08:25:59,62.6,No,SOC-OP-17,No action needed
ALT-1311,ENT-003,Bharat Telecom Ltd,SCADA Telemetry Protocol Disruption,ICS/SCADA,Critical,BTL-VLR-AUTH-CLUSTER,Escalated,2026-09-15 19:55:03,,0.0,Yes,SOC-OP-11,In progress by analyst on shift
ALT-1312,ENT-003,Bharat Telecom Ltd,DDoS Volumetric Spike on External Gateway,Perimeter,High,BTL-5G-UPF-DATAPLANE,Closed,2026-09-29 00:32:06,2026-09-29 01:59:44,87.6,No,SOC-OP-21,Analyst reviewed PCAP and verified destination IP is an authorized NTP server. No secondary beaconing observed. Endpoint EDR host isolation not required.
ALT-1313,ENT-003,Bharat Telecom Ltd,New Service Creation via PsExec,Endpoint,Medium,BTL-VLR-AUTH-CLUSTER,Investigating,2026-09-11 06:17:13,,0.0,No,SOC-OP-11,In progress by analyst on shift
ALT-1314,ENT-003,Bharat Telecom Ltd,SCADA Telemetry Protocol Disruption,ICS/SCADA,Critical,BTL-SS7-FIREWALL-NODE,Escalated,2026-09-16 02:05:36,,0.0,Yes,SOC-OP-23,In progress by analyst on shift
ALT-1315,ENT-003,Bharat Telecom Ltd,SCADA Telemetry Protocol Disruption,ICS/SCADA,Critical,BTL-VLR-AUTH-CLUSTER,Closed,2026-09-18 08:05:38,2026-09-18 11:32:57,207.3,No,SOC-OP-22,"Alert triaged. Observed multiple TLS handshakes from internal host to external TOR exit node. Host isolated from corporate network via EDR, forensic memory image collected, escalated to Tier 2 Incident Response."
ALT-1316,ENT-003,Bharat Telecom Ltd,Unusual Outbound C2 Traffic to Bulletproof Host,Network,Critical,BTL-SS7-FIREWALL-NODE,Closed,2026-09-21 14:04:18,2026-09-21 15:52:46,108.5,Yes,SOC-OP-23,Verified against change management ticket CHG-88219. Database schema update was authorized by DBA team during approved maintenance window.
ALT-1317,ENT-003,Bharat Telecom Ltd,User Account Password Changed During Off-Hours,Identity,Low,BTL-SS7-FIREWALL-NODE,Escalated,2026-09-11 10:45:06,,0.0,Yes,SOC-OP-13,In progress by analyst on shift
ALT-1318,ENT-003,Bharat Telecom Ltd,Port Scanning from Substation Segment,Network,Critical,BTL-CORE-RADIUS-01,Closed,2026-09-05 14:22:51,2026-09-05 16:39:39,136.8,Yes,SOC-OP-22,Verified against change management ticket CHG-88219. Database schema update was authorized by DBA team during approved maintenance window.
ALT-1319,ENT-003,Bharat Telecom Ltd,PowerShell Script Executed with Encoded Command,Endpoint,Critical,BTL-5G-UPF-DATAPLANE,Escalated,2026-09-28 11:12:14,,0.0,Yes,SOC-OP-12,In progress by analyst on shift
ALT-1320,ENT-003,Bharat Telecom Ltd,SWIFT Transaction Queue Tamper Event,Financial Core,Critical,BTL-5G-UPF-DATAPLANE,Closed,2026-09-18 10:40:54,2026-09-18 14:22:58,222.1,No,SOC-OP-24,Analyst reviewed PCAP and verified destination IP is an authorized NTP server. No secondary beaconing observed. Endpoint EDR host isolation not required.
ALT-1321,ENT-003,Bharat Telecom Ltd,Air Traffic Primary Radar Feed Desync,Aviation Sensor,Critical,BTL-5G-UPF-DATAPLANE,Closed,2026-09-04 09:59:16,2026-09-04 12:32:43,153.5,No,SOC-OP-13,"Alert triaged. Observed multiple TLS handshakes from internal host to external TOR exit node. Host isolated from corporate network via EDR, forensic memory image collected, escalated to Tier 2 Incident Response."
ALT-1322,ENT-003,Bharat Telecom Ltd,Certificate Expiration Warning on TLS Gateway,Configuration,Low,BTL-5G-UPF-DATAPLANE,Closed,2026-09-21 17:00:50,2026-09-21 18:02:23,61.5,No,SOC-OP-10,"Alert triaged. Observed multiple TLS handshakes from internal host to external TOR exit node. Host isolated from corporate network via EDR, forensic memory image collected, escalated to Tier 2 Incident Response."
ALT-1323,ENT-003,Bharat Telecom Ltd,Unauthorized Registry Modification on SCADA HMI,Endpoint,High,BTL-SS7-FIREWALL-NODE,Closed,2026-08-31 02:36:43,2026-08-31 04:28:12,111.5,No,SOC-OP-13,Source IP traced to authorized vulnerability scanner subnet running scheduled monthly credentialed scan. Host logs match Nessus user-agent profile.
ALT-1324,ENT-003,Bharat Telecom Ltd,SCADA Telemetry Protocol Disruption,ICS/SCADA,Critical,BTL-5G-UPF-DATAPLANE,Escalated,2026-09-11 06:44:48,,0.0,Yes,SOC-OP-12,In progress by analyst on shift
ALT-1325,ENT-003,Bharat Telecom Ltd,SWIFT Transaction Queue Tamper Event,Financial Core,Critical,BTL-CORE-RADIUS-01,Closed,2026-09-26 14:14:54,2026-09-26 15:51:14,96.3,Yes,SOC-OP-17,Analyst reviewed PCAP and verified destination IP is an authorized NTP server. No secondary beaconing observed. Endpoint EDR host isolation not required.
ALT-1326,ENT-003,Bharat Telecom Ltd,DDoS Volumetric Spike on External Gateway,Perimeter,High,BTL-CORE-RADIUS-01,Closed,2026-09-02 13:20:07,2026-09-02 16:19:41,179.6,No,SOC-OP-20,Analyst reviewed PCAP and verified destination IP is an authorized NTP server. No secondary beaconing observed. Endpoint EDR host isolation not required.
ALT-1327,ENT-003,Bharat Telecom Ltd,Multiple Failed Logins Followed by Successful Admin Access,Authentication,High,BTL-5G-UPF-DATAPLANE,Closed,2026-09-09 18:36:42,2026-09-09 19:22:57,46.2,No,SOC-OP-10,Verified against change management ticket CHG-88219. Database schema update was authorized by DBA team during approved maintenance window.
ALT-1328,ENT-003,Bharat Telecom Ltd,SCADA Telemetry Protocol Disruption,ICS/SCADA,Critical,BTL-CORE-RADIUS-01,Closed,2026-09-17 16:45:49,2026-09-17 19:28:28,162.6,Yes,SOC-OP-20,"Alert triaged. Observed multiple TLS handshakes from internal host to external TOR exit node. Host isolated from corporate network via EDR, forensic memory image collected, escalated to Tier 2 Incident Response."
ALT-1329,ENT-003,Bharat Telecom Ltd,Privilege Escalation on Domain Controller,Authentication,Critical,BTL-5G-UPF-DATAPLANE,Closed,2026-09-28 05:53:07,2026-09-28 07:55:16,122.1,Yes,SOC-OP-25,Investigated parent process ancestry. Confirmed legitimate administrative maintenance script signed by Enterprise IT Certificate #9914.
ALT-1330,ENT-003,Bharat Telecom Ltd,Multiple Failed Logins Followed by Successful Admin Access,Authentication,High,BTL-CORE-RADIUS-01,Closed,2026-09-24 16:32:39,2026-09-24 17:19:19,46.7,No,SOC-OP-18,Investigated parent process ancestry. Confirmed legitimate administrative maintenance script signed by Enterprise IT Certificate #9914.
ALT-1331,ENT-003,Bharat Telecom Ltd,Excessive DNS Queries for DGA Domains,Network,Medium,BTL-VLR-AUTH-CLUSTER,Closed,2026-09-05 00:44:42,2026-09-05 01:53:09,68.4,No,SOC-OP-20,Investigated parent process ancestry. Confirmed legitimate administrative maintenance script signed by Enterprise IT Certificate #9914.
ALT-1332,ENT-003,Bharat Telecom Ltd,Unusual Outbound C2 Traffic to Bulletproof Host,Network,Critical,BTL-5G-UPF-DATAPLANE,Closed,2026-09-27 18:53:48,2026-09-27 20:51:50,118.0,No,SOC-OP-22,"Alert triaged. Observed multiple TLS handshakes from internal host to external TOR exit node. Host isolated from corporate network via EDR, forensic memory image collected, escalated to Tier 2 Incident Response."
ALT-1333,ENT-003,Bharat Telecom Ltd,Unauthorized Registry Modification on SCADA HMI,Endpoint,High,BTL-CORE-RADIUS-01,Closed,2026-09-20 23:33:32,2026-09-21 02:28:41,175.1,No,SOC-OP-23,Analyst reviewed PCAP and verified destination IP is an authorized NTP server. No secondary beaconing observed. Endpoint EDR host isolation not required.
ALT-1334,ENT-003,Bharat Telecom Ltd,New Service Creation via PsExec,Endpoint,Medium,BTL-CORE-RADIUS-01,Closed,2026-09-16 10:51:37,2026-09-16 11:48:40,57.0,No,SOC-OP-22,Resolved
ALT-1335,ENT-003,Bharat Telecom Ltd,User Account Password Changed During Off-Hours,Identity,Low,BTL-SS7-FIREWALL-NODE,Closed,2026-09-16 19:51:58,2026-09-16 20:37:50,45.9,No,SOC-OP-11,Source IP traced to authorized vulnerability scanner subnet running scheduled monthly credentialed scan. Host logs match Nessus user-agent profile.
ALT-1336,ENT-003,Bharat Telecom Ltd,SCADA Telemetry Protocol Disruption,ICS/SCADA,Critical,BTL-5G-UPF-DATAPLANE,Closed,2026-09-17 12:45:41,2026-09-17 14:19:08,93.5,No,SOC-OP-24,"Alert triaged. Observed multiple TLS handshakes from internal host to external TOR exit node. Host isolated from corporate network via EDR, forensic memory image collected, escalated to Tier 2 Incident Response."
ALT-1337,ENT-003,Bharat Telecom Ltd,Multiple Failed Logins Followed by Successful Admin Access,Authentication,High,BTL-SS7-FIREWALL-NODE,Investigating,2026-09-24 15:43:23,,0.0,No,SOC-OP-17,In progress by analyst on shift
ALT-1338,ENT-003,Bharat Telecom Ltd,Unusual Outbound C2 Traffic to Bulletproof Host,Network,Critical,BTL-VLR-AUTH-CLUSTER,Escalated,2026-09-23 10:08:43,,0.0,Yes,SOC-OP-25,In progress by analyst on shift
ALT-1339,ENT-003,Bharat Telecom Ltd,Excessive DNS Queries for DGA Domains,Network,Medium,BTL-5G-UPF-DATAPLANE,Closed,2026-09-17 05:49:33,2026-09-17 06:52:37,63.1,No,SOC-OP-22,Duplicate alert
ALT-1340,ENT-003,Bharat Telecom Ltd,New Service Creation via PsExec,Endpoint,Medium,BTL-5G-UPF-DATAPLANE,Closed,2026-09-02 05:51:52,2026-09-02 06:52:20,60.5,No,SOC-OP-19,Source IP traced to authorized vulnerability scanner subnet running scheduled monthly credentialed scan. Host logs match Nessus user-agent profile.
ALT-1341,ENT-003,Bharat Telecom Ltd,New Service Creation via PsExec,Endpoint,Medium,BTL-CORE-RADIUS-01,Closed,2026-09-17 04:29:03,2026-09-17 05:43:26,74.4,No,SOC-OP-16,N/A
ALT-1342,ENT-003,Bharat Telecom Ltd,Outdated Endpoint Antivirus Signature,Endpoint Compliance,Low,BTL-5G-UPF-DATAPLANE,Closed,2026-09-01 01:00:23,2026-09-01 01:39:15,38.9,No,SOC-OP-25,False positive
ALT-1343,ENT-003,Bharat Telecom Ltd,Unauthorized Registry Modification on SCADA HMI,Endpoint,High,BTL-CORE-RADIUS-01,Closed,2026-09-02 13:25:14,2026-09-02 15:22:06,116.9,No,SOC-OP-16,Analyst reviewed PCAP and verified destination IP is an authorized NTP server. No secondary beaconing observed. Endpoint EDR host isolation not required.
ALT-1344,ENT-003,Bharat Telecom Ltd,DDoS Volumetric Spike on External Gateway,Perimeter,High,BTL-VLR-AUTH-CLUSTER,Closed,2026-09-01 06:50:05,2026-09-01 07:38:59,48.9,No,SOC-OP-24,"Alert triaged. Observed multiple TLS handshakes from internal host to external TOR exit node. Host isolated from corporate network via EDR, forensic memory image collected, escalated to Tier 2 Incident Response."
ALT-1345,ENT-003,Bharat Telecom Ltd,User Account Password Changed During Off-Hours,Identity,Low,BTL-VLR-AUTH-CLUSTER,Escalated,2026-08-30 16:37:47,,0.0,Yes,SOC-OP-15,In progress by analyst on shift
ALT-1346,ENT-003,Bharat Telecom Ltd,Port Scanning from Substation Segment,Network,High,BTL-CORE-RADIUS-01,Investigating,2026-09-14 02:44:38,,0.0,No,SOC-OP-20,In progress by analyst on shift
ALT-1347,ENT-003,Bharat Telecom Ltd,Unusual Outbound C2 Traffic to Bulletproof Host,Network,Critical,BTL-5G-UPF-DATAPLANE,Closed,2026-09-06 20:29:43,2026-09-06 23:22:57,173.2,Yes,SOC-OP-21,Source IP traced to authorized vulnerability scanner subnet running scheduled monthly credentialed scan. Host logs match Nessus user-agent profile.
ALT-1348,ENT-003,Bharat Telecom Ltd,Port Scanning from Substation Segment,Network,High,BTL-CORE-RADIUS-01,Escalated,2026-08-30 15:12:07,,0.0,Yes,SOC-OP-21,In progress by analyst on shift
ALT-1349,ENT-003,Bharat Telecom Ltd,Port Scanning from Substation Segment,Network,Critical,BTL-5G-UPF-DATAPLANE,Closed,2026-09-01 13:37:20,2026-09-01 15:50:53,133.5,No,SOC-OP-23,"Alert triaged. Observed multiple TLS handshakes from internal host to external TOR exit node. Host isolated from corporate network via EDR, forensic memory image collected, escalated to Tier 2 Incident Response."
ALT-1350,ENT-003,Bharat Telecom Ltd,New Service Creation via PsExec,Endpoint,Critical,BTL-VLR-AUTH-CLUSTER,Closed,2026-09-03 10:13:31,2026-09-03 11:28:14,74.7,Yes,SOC-OP-22,Investigated parent process ancestry. Confirmed legitimate administrative maintenance script signed by Enterprise IT Certificate #9914.
ALT-1351,ENT-003,Bharat Telecom Ltd,Air Traffic Primary Radar Feed Desync,Aviation Sensor,Critical,BTL-CORE-RADIUS-01,Closed,2026-09-28 22:10:08,2026-09-29 00:43:09,153.0,Yes,SOC-OP-24,Analyst reviewed PCAP and verified destination IP is an authorized NTP server. No secondary beaconing observed. Endpoint EDR host isolation not required.
ALT-1352,ENT-003,Bharat Telecom Ltd,New Service Creation via PsExec,Endpoint,Medium,BTL-SS7-FIREWALL-NODE,Escalated,2026-09-13 19:13:33,,0.0,Yes,SOC-OP-16,In progress by analyst on shift
ALT-1353,ENT-003,Bharat Telecom Ltd,SCADA Telemetry Protocol Disruption,ICS/SCADA,Critical,BTL-VLR-AUTH-CLUSTER,Closed,2026-08-30 16:15:30,2026-08-30 19:41:15,205.7,Yes,SOC-OP-25,Source IP traced to authorized vulnerability scanner subnet running scheduled monthly credentialed scan. Host logs match Nessus user-agent profile.
ALT-1354,ENT-003,Bharat Telecom Ltd,Port Scanning from Substation Segment,Network,High,BTL-CORE-RADIUS-01,Closed,2026-09-26 17:03:32,2026-09-26 19:16:00,132.5,No,SOC-OP-10,Analyst reviewed PCAP and verified destination IP is an authorized NTP server. No secondary beaconing observed. Endpoint EDR host isolation not required.
ALT-1355,ENT-003,Bharat Telecom Ltd,SCADA Telemetry Protocol Disruption,ICS/SCADA,Critical,BTL-SS7-FIREWALL-NODE,Closed,2026-09-12 16:04:29,2026-09-12 17:48:09,103.7,Yes,SOC-OP-23,"Alert triaged. Observed multiple TLS handshakes from internal host to external TOR exit node. Host isolated from corporate network via EDR, forensic memory image collected, escalated to Tier 2 Incident Response."
ALT-1356,ENT-003,Bharat Telecom Ltd,Outdated Endpoint Antivirus Signature,Endpoint Compliance,Low,BTL-SS7-FIREWALL-NODE,Closed,2026-09-15 18:03:00,2026-09-15 18:59:33,56.5,No,SOC-OP-14,Investigated parent process ancestry. Confirmed legitimate administrative maintenance script signed by Enterprise IT Certificate #9914.
ALT-1357,ENT-003,Bharat Telecom Ltd,Air Traffic Primary Radar Feed Desync,Aviation Sensor,Critical,BTL-VLR-AUTH-CLUSTER,Closed,2026-09-11 16:21:41,2026-09-11 18:36:06,134.4,No,SOC-OP-14,Source IP traced to authorized vulnerability scanner subnet running scheduled monthly credentialed scan. Host logs match Nessus user-agent profile.
ALT-1358,ENT-003,Bharat Telecom Ltd,New Service Creation via PsExec,Endpoint,Medium,BTL-SS7-FIREWALL-NODE,Closed,2026-09-11 11:13:11,2026-09-11 12:21:11,68.0,No,SOC-OP-18,Source IP traced to authorized vulnerability scanner subnet running scheduled monthly credentialed scan. Host logs match Nessus user-agent profile.
ALT-1359,ENT-003,Bharat Telecom Ltd,Outdated Endpoint Antivirus Signature,Endpoint Compliance,Low,BTL-CORE-RADIUS-01,Closed,2026-09-28 02:47:41,2026-09-28 02:57:47,10.1,No,SOC-OP-23,Source IP traced to authorized vulnerability scanner subnet running scheduled monthly credentialed scan. Host logs match Nessus user-agent profile.
ALT-1360,ENT-003,Bharat Telecom Ltd,PowerShell Script Executed with Encoded Command,Endpoint,High,BTL-CORE-RADIUS-01,Investigating,2026-09-02 23:28:53,,0.0,No,SOC-OP-15,In progress by analyst on shift
ALT-1361,ENT-004,Metro Airport Authority,Unusual Outbound C2 Traffic to Bulletproof Host,Network,Critical,MAA-AODB-PRIMARY-SRV,Closed,2026-09-22 17:24:54,2026-09-22 17:41:46,16.9,No,SOC-OP-16,Resolved
ALT-1362,ENT-004,Metro Airport Authority,User Account Password Changed During Off-Hours,Identity,Low,MAA-PERIMETER-CCTV-VMS,Closed,2026-09-11 12:58:07,2026-09-11 13:36:21,38.2,No,SOC-OP-13,Source IP traced to authorized vulnerability scanner subnet running scheduled monthly credentialed scan. Host logs match Nessus user-agent profile.
ALT-1363,ENT-004,Metro Airport Authority,Multiple Failed Logins Followed by Successful Admin Access,Authentication,High,MAA-AODB-PRIMARY-SRV,Closed,2026-09-05 19:08:34,2026-09-05 19:12:15,3.7,No,SOC-OP-12,False positive
ALT-1364,ENT-004,Metro Airport Authority,Air Traffic Primary Radar Feed Desync,Aviation Sensor,Critical,MAA-AODB-PRIMARY-SRV,Investigating,2026-09-18 16:07:31,,0.0,No,SOC-OP-21,In progress by analyst on shift
ALT-1365,ENT-004,Metro Airport Authority,Multiple Failed Logins Followed by Successful Admin Access,Authentication,Critical,MAA-ATC-VOICE-GW-01,Escalated,2026-09-08 18:49:23,,0.0,Yes,SOC-OP-18,In progress by analyst on shift
ALT-1366,ENT-004,Metro Airport Authority,PowerShell Script Executed with Encoded Command,Endpoint,Critical,MAA-PERIMETER-CCTV-VMS,Closed,2026-09-17 15:57:49,2026-09-17 16:11:18,13.5,No,SOC-OP-24,Ok
ALT-1367,ENT-004,Metro Airport Authority,Privilege Escalation on Domain Controller,Authentication,Critical,MAA-AODB-PRIMARY-SRV,Escalated,2026-09-19 00:14:45,,0.0,Yes,SOC-OP-18,In progress by analyst on shift
ALT-1368,ENT-004,Metro Airport Authority,Multiple Failed Logins Followed by Successful Admin Access,Authentication,High,MAA-BAGGAGE-SCADA-PLC,Closed,2026-08-30 21:33:06,2026-08-30 21:38:09,5.0,No,SOC-OP-11,No action needed
ALT-1369,ENT-004,Metro Airport Authority,Unusual Outbound C2 Traffic to Bulletproof Host,Network,Critical,MAA-AODB-PRIMARY-SRV,Closed,2026-09-23 05:00:27,2026-09-23 10:12:30,312.0,Yes,SOC-OP-18,Analyst reviewed PCAP and verified destination IP is an authorized NTP server. No secondary beaconing observed. Endpoint EDR host isolation not required.
ALT-1370,ENT-004,Metro Airport Authority,Unusual Outbound C2 Traffic to Bulletproof Host,Network,Critical,MAA-PERIMETER-CCTV-VMS,Escalated,2026-09-03 12:28:25,,0.0,Yes,SOC-OP-18,In progress by analyst on shift
ALT-1371,ENT-004,Metro Airport Authority,Unusual Outbound C2 Traffic to Bulletproof Host,Network,Critical,MAA-ATC-VOICE-GW-01,Closed,2026-09-03 19:14:44,2026-09-03 19:19:57,5.2,No,SOC-OP-25,False positive
ALT-1372,ENT-004,Metro Airport Authority,DDoS Volumetric Spike on External Gateway,Perimeter,High,MAA-AODB-PRIMARY-SRV,Closed,2026-09-02 11:37:16,2026-09-02 15:02:17,205.0,No,SOC-OP-19,"Alert triaged. Observed multiple TLS handshakes from internal host to external TOR exit node. Host isolated from corporate network via EDR, forensic memory image collected, escalated to Tier 2 Incident Response."
ALT-1373,ENT-004,Metro Airport Authority,Air Traffic Primary Radar Feed Desync,Aviation Sensor,Critical,MAA-BAGGAGE-SCADA-PLC,Escalated,2026-09-15 12:38:19,,0.0,Yes,SOC-OP-23,In progress by analyst on shift
ALT-1374,ENT-004,Metro Airport Authority,SWIFT Transaction Queue Tamper Event,Financial Core,Critical,MAA-ATC-VOICE-GW-01,Investigating,2026-09-27 05:53:33,,0.0,No,SOC-OP-15,In progress by analyst on shift
ALT-1375,ENT-004,Metro Airport Authority,New Service Creation via PsExec,Endpoint,Medium,MAA-ATC-VOICE-GW-01,Closed,2026-09-22 18:12:06,2026-09-22 19:12:50,60.7,No,SOC-OP-22,False positive
ALT-1376,ENT-004,Metro Airport Authority,Unusual Outbound C2 Traffic to Bulletproof Host,Network,Critical,MAA-ATC-VOICE-GW-01,Investigating,2026-09-28 23:32:35,,0.0,No,SOC-OP-13,In progress by analyst on shift
ALT-1377,ENT-004,Metro Airport Authority,PowerShell Script Executed with Encoded Command,Endpoint,High,MAA-PERIMETER-CCTV-VMS,Closed,2026-09-09 12:27:33,2026-09-09 17:43:50,316.3,No,SOC-OP-12,Source IP traced to authorized vulnerability scanner subnet running scheduled monthly credentialed scan. Host logs match Nessus user-agent profile.
ALT-1378,ENT-004,Metro Airport Authority,SCADA Telemetry Protocol Disruption,ICS/SCADA,Critical,MAA-PERIMETER-CCTV-VMS,Closed,2026-09-14 00:57:30,2026-09-14 05:10:13,252.7,No,SOC-OP-17,"Alert triaged. Observed multiple TLS handshakes from internal host to external TOR exit node. Host isolated from corporate network via EDR, forensic memory image collected, escalated to Tier 2 Incident Response."
ALT-1379,ENT-004,Metro Airport Authority,New Service Creation via PsExec,Endpoint,Medium,MAA-PERIMETER-CCTV-VMS,Closed,2026-09-26 18:31:31,2026-09-26 18:44:05,12.6,No,SOC-OP-13,Analyst reviewed PCAP and verified destination IP is an authorized NTP server. No secondary beaconing observed. Endpoint EDR host isolation not required.
ALT-1380,ENT-004,Metro Airport Authority,DDoS Volumetric Spike on External Gateway,Perimeter,High,MAA-ATC-VOICE-GW-01,Investigating,2026-09-02 11:43:07,,0.0,No,SOC-OP-20,In progress by analyst on shift
ALT-1381,ENT-004,Metro Airport Authority,Certificate Expiration Warning on TLS Gateway,Configuration,Low,MAA-AODB-PRIMARY-SRV,Closed,2026-09-12 03:14:12,2026-09-12 04:29:10,75.0,No,SOC-OP-17,Duplicate alert
ALT-1382,ENT-004,Metro Airport Authority,DDoS Volumetric Spike on External Gateway,Perimeter,High,MAA-ATC-VOICE-GW-01,Closed,2026-09-09 23:07:25,2026-09-10 04:55:55,348.5,Yes,SOC-OP-19,"Alert triaged. Observed multiple TLS handshakes from internal host to external TOR exit node. Host isolated from corporate network via EDR, forensic memory image collected, escalated to Tier 2 Incident Response."
ALT-1383,ENT-004,Metro Airport Authority,Outdated Endpoint Antivirus Signature,Endpoint Compliance,Low,MAA-AODB-PRIMARY-SRV,Escalated,2026-09-17 09:10:01,,0.0,Yes,SOC-OP-15,In progress by analyst on shift
ALT-1384,ENT-004,Metro Airport Authority,DDoS Volumetric Spike on External Gateway,Perimeter,High,MAA-PERIMETER-CCTV-VMS,Closed,2026-09-05 04:27:50,2026-09-05 04:43:24,15.6,No,SOC-OP-10,Known scanner activity
ALT-1385,ENT-004,Metro Airport Authority,DDoS Volumetric Spike on External Gateway,Perimeter,High,MAA-AODB-PRIMARY-SRV,Closed,2026-09-16 08:13:14,2026-09-16 08:30:01,16.8,No,SOC-OP-19,Closed per shift lead
ALT-1386,ENT-004,Metro Airport Authority,Unusual Outbound C2 Traffic to Bulletproof Host,Network,Critical,MAA-AODB-PRIMARY-SRV,Investigating,2026-09-24 17:11:46,,0.0,No,SOC-OP-16,In progress by analyst on shift
ALT-1387,ENT-004,Metro Airport Authority,Outdated Endpoint Antivirus Signature,Endpoint Compliance,Low,MAA-PERIMETER-CCTV-VMS,Investigating,2026-09-10 22:40:32,,0.0,No,SOC-OP-11,In progress by analyst on shift
ALT-1388,ENT-004,Metro Airport Authority,Outdated Endpoint Antivirus Signature,Endpoint Compliance,Critical,MAA-BAGGAGE-SCADA-PLC,Closed,2026-09-26 05:46:07,2026-09-26 09:35:04,228.9,No,SOC-OP-20,Source IP traced to authorized vulnerability scanner subnet running scheduled monthly credentialed scan. Host logs match Nessus user-agent profile.
ALT-1389,ENT-004,Metro Airport Authority,Excessive DNS Queries for DGA Domains,Network,Medium,MAA-PERIMETER-CCTV-VMS,Closed,2026-09-04 11:24:36,2026-09-04 12:51:49,87.2,No,SOC-OP-13,--
ALT-1390,ENT-004,Metro Airport Authority,User Account Password Changed During Off-Hours,Identity,Low,MAA-BAGGAGE-SCADA-PLC,Closed,2026-09-18 03:53:41,2026-09-18 04:31:00,37.3,No,SOC-OP-22,--
ALT-1391,ENT-004,Metro Airport Authority,Certificate Expiration Warning on TLS Gateway,Configuration,Low,MAA-AODB-PRIMARY-SRV,Closed,2026-09-21 21:10:03,2026-09-21 22:05:25,55.4,No,SOC-OP-11,Verified against change management ticket CHG-88219. Database schema update was authorized by DBA team during approved maintenance window.
ALT-1392,ENT-004,Metro Airport Authority,Port Scanning from Substation Segment,Network,High,MAA-PERIMETER-CCTV-VMS,Escalated,2026-09-27 23:25:46,,0.0,Yes,SOC-OP-20,In progress by analyst on shift
ALT-1393,ENT-004,Metro Airport Authority,Outdated Endpoint Antivirus Signature,Endpoint Compliance,Low,MAA-ATC-VOICE-GW-01,Closed,2026-09-21 12:51:28,2026-09-21 14:19:53,88.4,No,SOC-OP-14,No action needed
ALT-1394,ENT-004,Metro Airport Authority,PowerShell Script Executed with Encoded Command,Endpoint,High,MAA-ATC-VOICE-GW-01,Closed,2026-09-18 13:36:50,2026-09-18 16:20:33,163.7,No,SOC-OP-21,Verified against change management ticket CHG-88219. Database schema update was authorized by DBA team during approved maintenance window.
ALT-1395,ENT-004,Metro Airport Authority,Excessive DNS Queries for DGA Domains,Network,Medium,MAA-PERIMETER-CCTV-VMS,Closed,2026-09-08 15:36:09,2026-09-08 15:58:05,21.9,No,SOC-OP-23,No action needed
ALT-1396,ENT-004,Metro Airport Authority,Port Scanning from Substation Segment,Network,High,MAA-ATC-VOICE-GW-01,Closed,2026-09-24 15:27:20,2026-09-24 17:07:23,100.0,No,SOC-OP-11,Investigated parent process ancestry. Confirmed legitimate administrative maintenance script signed by Enterprise IT Certificate #9914.
ALT-1397,ENT-004,Metro Airport Authority,Privilege Escalation on Domain Controller,Authentication,Critical,MAA-BAGGAGE-SCADA-PLC,Closed,2026-09-15 22:26:51,2026-09-15 22:38:42,11.8,No,SOC-OP-16,--
ALT-1398,ENT-004,Metro Airport Authority,Excessive DNS Queries for DGA Domains,Network,Critical,MAA-BAGGAGE-SCADA-PLC,Closed,2026-09-21 01:10:41,2026-09-21 03:41:48,151.1,Yes,SOC-OP-19,Source IP traced to authorized vulnerability scanner subnet running scheduled monthly credentialed scan. Host logs match Nessus user-agent profile.
ALT-1399,ENT-004,Metro Airport Authority,Outdated Endpoint Antivirus Signature,Endpoint Compliance,Low,MAA-BAGGAGE-SCADA-PLC,Closed,2026-09-07 16:13:22,2026-09-07 16:59:38,46.3,No,SOC-OP-25,Verified against change management ticket CHG-88219. Database schema update was authorized by DBA team during approved maintenance window.
ALT-1400,ENT-004,Metro Airport Authority,DDoS Volumetric Spike on External Gateway,Perimeter,Critical,MAA-BAGGAGE-SCADA-PLC,Closed,2026-09-05 21:15:25,2026-09-06 02:40:00,324.6,No,SOC-OP-24,Analyst reviewed PCAP and verified destination IP is an authorized NTP server. No secondary beaconing observed. Endpoint EDR host isolation not required.
ALT-1401,ENT-004,Metro Airport Authority,Unauthorized Registry Modification on SCADA HMI,Endpoint,High,MAA-ATC-VOICE-GW-01,Escalated,2026-09-09 09:28:48,,0.0,Yes,SOC-OP-23,In progress by analyst on shift
ALT-1402,ENT-004,Metro Airport Authority,DDoS Volumetric Spike on External Gateway,Perimeter,High,MAA-ATC-VOICE-GW-01,Closed,2026-09-02 18:10:48,2026-09-02 19:35:34,84.8,No,SOC-OP-15,Source IP traced to authorized vulnerability scanner subnet running scheduled monthly credentialed scan. Host logs match Nessus user-agent profile.
ALT-1403,ENT-004,Metro Airport Authority,Excessive DNS Queries for DGA Domains,Network,Critical,MAA-AODB-PRIMARY-SRV,Closed,2026-09-09 07:28:29,2026-09-09 10:33:58,185.5,No,SOC-OP-19,Investigated parent process ancestry. Confirmed legitimate administrative maintenance script signed by Enterprise IT Certificate #9914.
ALT-1404,ENT-004,Metro Airport Authority,SWIFT Transaction Queue Tamper Event,Financial Core,Critical,MAA-BAGGAGE-SCADA-PLC,Closed,2026-09-27 22:19:14,2026-09-27 22:37:12,18.0,No,SOC-OP-17,Known scanner activity
ALT-1405,ENT-004,Metro Airport Authority,User Account Password Changed During Off-Hours,Identity,Low,MAA-PERIMETER-CCTV-VMS,Escalated,2026-09-28 12:10:55,,0.0,Yes,SOC-OP-10,In progress by analyst on shift
ALT-1406,ENT-004,Metro Airport Authority,Unusual Outbound C2 Traffic to Bulletproof Host,Network,Critical,MAA-AODB-PRIMARY-SRV,Closed,2026-09-15 03:44:59,2026-09-15 05:42:54,117.9,No,SOC-OP-16,"Alert triaged. Observed multiple TLS handshakes from internal host to external TOR exit node. Host isolated from corporate network via EDR, forensic memory image collected, escalated to Tier 2 Incident Response."
ALT-1407,ENT-004,Metro Airport Authority,Excessive DNS Queries for DGA Domains,Network,Critical,MAA-BAGGAGE-SCADA-PLC,Investigating,2026-09-10 08:53:48,,0.0,Yes,SOC-OP-13,In progress by analyst on shift
ALT-1408,ENT-004,Metro Airport Authority,Port Scanning from Substation Segment,Network,High,MAA-AODB-PRIMARY-SRV,Investigating,2026-09-17 13:00:27,,0.0,No,SOC-OP-19,In progress by analyst on shift
ALT-1409,ENT-004,Metro Airport Authority,Certificate Expiration Warning on TLS Gateway,Configuration,Low,MAA-ATC-VOICE-GW-01,Investigating,2026-09-05 21:51:02,,0.0,No,SOC-OP-24,In progress by analyst on shift
ALT-1410,ENT-004,Metro Airport Authority,DDoS Volumetric Spike on External Gateway,Perimeter,High,MAA-PERIMETER-CCTV-VMS,Investigating,2026-09-16 13:57:34,,0.0,No,SOC-OP-17,In progress by analyst on shift
ALT-1411,ENT-004,Metro Airport Authority,SCADA Telemetry Protocol Disruption,ICS/SCADA,Critical,MAA-PERIMETER-CCTV-VMS,Investigating,2026-09-14 08:22:52,,0.0,No,SOC-OP-13,In progress by analyst on shift
ALT-1412,ENT-004,Metro Airport Authority,SCADA Telemetry Protocol Disruption,ICS/SCADA,Critical,MAA-AODB-PRIMARY-SRV,Investigating,2026-09-25 02:09:18,,0.0,No,SOC-OP-20,In progress by analyst on shift
ALT-1413,ENT-004,Metro Airport Authority,Air Traffic Primary Radar Feed Desync,Aviation Sensor,Critical,MAA-ATC-VOICE-GW-01,Closed,2026-09-15 10:46:49,2026-09-15 10:52:04,5.2,No,SOC-OP-24,No action needed
ALT-1414,ENT-004,Metro Airport Authority,User Account Password Changed During Off-Hours,Identity,Low,MAA-ATC-VOICE-GW-01,Escalated,2026-09-20 14:38:25,,0.0,Yes,SOC-OP-12,In progress by analyst on shift
ALT-1415,ENT-004,Metro Airport Authority,Unauthorized Registry Modification on SCADA HMI,Endpoint,High,MAA-ATC-VOICE-GW-01,Closed,2026-09-04 11:44:02,2026-09-04 14:22:15,158.2,No,SOC-OP-10,Analyst reviewed PCAP and verified destination IP is an authorized NTP server. No secondary beaconing observed. Endpoint EDR host isolation not required.
ALT-1416,ENT-004,Metro Airport Authority,SWIFT Transaction Queue Tamper Event,Financial Core,Critical,MAA-ATC-VOICE-GW-01,Closed,2026-09-18 03:12:25,2026-09-18 03:27:31,15.1,No,SOC-OP-12,False positive
ALT-1417,ENT-004,Metro Airport Authority,Unusual Outbound C2 Traffic to Bulletproof Host,Network,Critical,MAA-ATC-VOICE-GW-01,Escalated,2026-09-17 11:36:10,,0.0,Yes,SOC-OP-14,In progress by analyst on shift
ALT-1418,ENT-004,Metro Airport Authority,Certificate Expiration Warning on TLS Gateway,Configuration,Low,MAA-PERIMETER-CCTV-VMS,Closed,2026-09-15 03:08:21,2026-09-15 04:24:58,76.6,No,SOC-OP-25,Investigated parent process ancestry. Confirmed legitimate administrative maintenance script signed by Enterprise IT Certificate #9914.
ALT-1419,ENT-004,Metro Airport Authority,SCADA Telemetry Protocol Disruption,ICS/SCADA,Critical,MAA-PERIMETER-CCTV-VMS,Closed,2026-09-15 09:34:23,2026-09-15 15:05:55,331.5,No,SOC-OP-22,"Alert triaged. Observed multiple TLS handshakes from internal host to external TOR exit node. Host isolated from corporate network via EDR, forensic memory image collected, escalated to Tier 2 Incident Response."
ALT-1420,ENT-004,Metro Airport Authority,Certificate Expiration Warning on TLS Gateway,Configuration,Low,MAA-ATC-VOICE-GW-01,Closed,2026-09-28 01:53:15,2026-09-28 02:06:17,13.0,No,SOC-OP-25,Source IP traced to authorized vulnerability scanner subnet running scheduled monthly credentialed scan. Host logs match Nessus user-agent profile.
ALT-1421,ENT-004,Metro Airport Authority,DDoS Volumetric Spike on External Gateway,Perimeter,Critical,MAA-AODB-PRIMARY-SRV,Closed,2026-09-07 06:30:34,2026-09-07 06:32:49,2.2,No,SOC-OP-11,Known scanner activity
ALT-1422,ENT-004,Metro Airport Authority,User Account Password Changed During Off-Hours,Identity,Low,MAA-AODB-PRIMARY-SRV,Escalated,2026-09-23 09:04:03,,0.0,Yes,SOC-OP-17,In progress by analyst on shift
ALT-1423,ENT-004,Metro Airport Authority,SWIFT Transaction Queue Tamper Event,Financial Core,Critical,MAA-AODB-PRIMARY-SRV,Escalated,2026-09-01 20:22:56,,0.0,Yes,SOC-OP-23,In progress by analyst on shift
ALT-1424,ENT-004,Metro Airport Authority,Multiple Failed Logins Followed by Successful Admin Access,Authentication,High,MAA-BAGGAGE-SCADA-PLC,Escalated,2026-09-23 23:10:08,,0.0,Yes,SOC-OP-24,In progress by analyst on shift
ALT-1425,ENT-004,Metro Airport Authority,Port Scanning from Substation Segment,Network,High,MAA-BAGGAGE-SCADA-PLC,Closed,2026-09-18 06:09:37,2026-09-18 10:36:58,267.3,No,SOC-OP-19,Analyst reviewed PCAP and verified destination IP is an authorized NTP server. No secondary beaconing observed. Endpoint EDR host isolation not required.
ALT-1426,ENT-004,Metro Airport Authority,Port Scanning from Substation Segment,Network,High,MAA-ATC-VOICE-GW-01,Closed,2026-09-03 20:41:11,2026-09-03 20:51:53,10.7,No,SOC-OP-25,Ok
ALT-1427,ENT-004,Metro Airport Authority,PowerShell Script Executed with Encoded Command,Endpoint,High,MAA-BAGGAGE-SCADA-PLC,Investigating,2026-09-28 01:31:15,,0.0,No,SOC-OP-10,In progress by analyst on shift
ALT-1428,ENT-004,Metro Airport Authority,SCADA Telemetry Protocol Disruption,ICS/SCADA,Critical,MAA-BAGGAGE-SCADA-PLC,Closed,2026-09-27 11:03:48,2026-09-27 11:15:59,12.2,No,SOC-OP-20,False positive
ALT-1429,ENT-004,Metro Airport Authority,Unusual Outbound C2 Traffic to Bulletproof Host,Network,Critical,MAA-ATC-VOICE-GW-01,Closed,2026-09-15 10:00:25,2026-09-15 15:35:01,334.6,No,SOC-OP-18,Investigated parent process ancestry. Confirmed legitimate administrative maintenance script signed by Enterprise IT Certificate #9914.
ALT-1430,ENT-004,Metro Airport Authority,New Service Creation via PsExec,Endpoint,Critical,MAA-BAGGAGE-SCADA-PLC,Closed,2026-09-20 11:18:27,2026-09-20 12:57:17,98.8,No,SOC-OP-19,"Alert triaged. Observed multiple TLS handshakes from internal host to external TOR exit node. Host isolated from corporate network via EDR, forensic memory image collected, escalated to Tier 2 Incident Response."
ALT-1431,ENT-004,Metro Airport Authority,User Account Password Changed During Off-Hours,Identity,Low,MAA-AODB-PRIMARY-SRV,Investigating,2026-09-10 05:11:09,,0.0,No,SOC-OP-17,In progress by analyst on shift
ALT-1432,ENT-004,Metro Airport Authority,Certificate Expiration Warning on TLS Gateway,Configuration,Low,MAA-ATC-VOICE-GW-01,Closed,2026-09-05 14:03:31,2026-09-05 15:30:04,86.5,No,SOC-OP-19,Duplicate alert
ALT-1433,ENT-004,Metro Airport Authority,PowerShell Script Executed with Encoded Command,Endpoint,High,MAA-ATC-VOICE-GW-01,Closed,2026-09-10 20:22:46,2026-09-10 20:33:52,11.1,No,SOC-OP-10,Closed per shift lead
ALT-1434,ENT-004,Metro Airport Authority,Unusual Outbound C2 Traffic to Bulletproof Host,Network,Critical,MAA-AODB-PRIMARY-SRV,Escalated,2026-09-16 09:13:48,,0.0,Yes,SOC-OP-11,In progress by analyst on shift
ALT-1435,ENT-004,Metro Airport Authority,Privilege Escalation on Domain Controller,Authentication,Critical,MAA-PERIMETER-CCTV-VMS,Closed,2026-09-01 23:03:48,2026-09-01 23:18:22,14.6,No,SOC-OP-20,Duplicate alert
ALT-1436,ENT-004,Metro Airport Authority,Unusual Outbound C2 Traffic to Bulletproof Host,Network,Critical,MAA-ATC-VOICE-GW-01,Closed,2026-09-03 21:43:18,2026-09-04 03:22:51,339.5,No,SOC-OP-18,"Alert triaged. Observed multiple TLS handshakes from internal host to external TOR exit node. Host isolated from corporate network via EDR, forensic memory image collected, escalated to Tier 2 Incident Response."
ALT-1437,ENT-004,Metro Airport Authority,Port Scanning from Substation Segment,Network,High,MAA-AODB-PRIMARY-SRV,Investigating,2026-09-11 12:14:30,,0.0,No,SOC-OP-11,In progress by analyst on shift
ALT-1438,ENT-004,Metro Airport Authority,DDoS Volumetric Spike on External Gateway,Perimeter,High,MAA-ATC-VOICE-GW-01,Investigating,2026-09-08 13:24:11,,0.0,No,SOC-OP-20,In progress by analyst on shift
ALT-1439,ENT-004,Metro Airport Authority,Outdated Endpoint Antivirus Signature,Endpoint Compliance,Low,MAA-PERIMETER-CCTV-VMS,Closed,2026-09-22 13:29:47,2026-09-22 14:34:06,64.3,No,SOC-OP-22,Source IP traced to authorized vulnerability scanner subnet running scheduled monthly credentialed scan. Host logs match Nessus user-agent profile.
ALT-1440,ENT-004,Metro Airport Authority,Unusual Outbound C2 Traffic to Bulletproof Host,Network,Critical,MAA-AODB-PRIMARY-SRV,Closed,2026-09-16 05:50:05,2026-09-16 08:05:25,135.3,Yes,SOC-OP-14,Investigated parent process ancestry. Confirmed legitimate administrative maintenance script signed by Enterprise IT Certificate #9914.
ALT-1441,ENT-004,Metro Airport Authority,PowerShell Script Executed with Encoded Command,Endpoint,High,MAA-PERIMETER-CCTV-VMS,Closed,2026-09-11 00:25:40,2026-09-11 03:23:18,177.6,No,SOC-OP-15,Analyst reviewed PCAP and verified destination IP is an authorized NTP server. No secondary beaconing observed. Endpoint EDR host isolation not required.
ALT-1442,ENT-004,Metro Airport Authority,User Account Password Changed During Off-Hours,Identity,Low,MAA-AODB-PRIMARY-SRV,Escalated,2026-09-03 20:07:27,,0.0,Yes,SOC-OP-19,In progress by analyst on shift
ALT-1443,ENT-004,Metro Airport Authority,Privilege Escalation on Domain Controller,Authentication,Critical,MAA-BAGGAGE-SCADA-PLC,Closed,2026-08-31 12:50:58,2026-08-31 12:58:47,7.8,No,SOC-OP-11,False positive
ALT-1444,ENT-004,Metro Airport Authority,Outdated Endpoint Antivirus Signature,Endpoint Compliance,Low,MAA-PERIMETER-CCTV-VMS,Investigating,2026-09-22 17:25:00,,0.0,No,SOC-OP-16,In progress by analyst on shift
ALT-1445,ENT-004,Metro Airport Authority,Outdated Endpoint Antivirus Signature,Endpoint Compliance,Low,MAA-PERIMETER-CCTV-VMS,Closed,2026-09-12 00:31:17,2026-09-12 01:11:08,39.8,No,SOC-OP-12,Verified against change management ticket CHG-88219. Database schema update was authorized by DBA team during approved maintenance window.
ALT-1446,ENT-004,Metro Airport Authority,Certificate Expiration Warning on TLS Gateway,Configuration,Low,MAA-PERIMETER-CCTV-VMS,Investigating,2026-09-23 18:21:44,,0.0,No,SOC-OP-10,In progress by analyst on shift
ALT-1447,ENT-004,Metro Airport Authority,Unauthorized Registry Modification on SCADA HMI,Endpoint,High,MAA-ATC-VOICE-GW-01,Closed,2026-09-07 00:04:11,2026-09-07 01:17:22,73.2,No,SOC-OP-10,Verified against change management ticket CHG-88219. Database schema update was authorized by DBA team during approved maintenance window.
ALT-1448,ENT-004,Metro Airport Authority,SWIFT Transaction Queue Tamper Event,Financial Core,Critical,MAA-PERIMETER-CCTV-VMS,Closed,2026-09-03 12:11:17,2026-09-03 12:21:52,10.6,No,SOC-OP-25,Checked and safe
ALT-1449,ENT-004,Metro Airport Authority,Unauthorized Registry Modification on SCADA HMI,Endpoint,High,MAA-AODB-PRIMARY-SRV,Closed,2026-09-29 07:38:13,2026-09-29 07:55:48,17.6,No,SOC-OP-10,Checked and safe
ALT-1450,ENT-004,Metro Airport Authority,DDoS Volumetric Spike on External Gateway,Perimeter,High,MAA-ATC-VOICE-GW-01,Escalated,2026-09-24 17:52:57,,0.0,Yes,SOC-OP-21,In progress by analyst on shift
ALT-1451,ENT-004,Metro Airport Authority,Port Scanning from Substation Segment,Network,High,MAA-PERIMETER-CCTV-VMS,Closed,2026-09-11 18:10:37,2026-09-11 18:13:28,2.8,No,SOC-OP-19,Checked and safe
ALT-1452,ENT-004,Metro Airport Authority,SWIFT Transaction Queue Tamper Event,Financial Core,Critical,MAA-BAGGAGE-SCADA-PLC,Closed,2026-09-13 00:13:25,2026-09-13 01:48:13,94.8,No,SOC-OP-17,Verified against change management ticket CHG-88219. Database schema update was authorized by DBA team during approved maintenance window.
ALT-1453,ENT-004,Metro Airport Authority,Privilege Escalation on Domain Controller,Authentication,Critical,MAA-ATC-VOICE-GW-01,Closed,2026-09-20 11:04:32,2026-09-20 11:15:11,10.6,No,SOC-OP-13,N/A
ALT-1454,ENT-004,Metro Airport Authority,Port Scanning from Substation Segment,Network,High,MAA-AODB-PRIMARY-SRV,Closed,2026-09-09 11:43:32,2026-09-09 11:59:29,15.9,No,SOC-OP-19,No action needed
ALT-1455,ENT-004,Metro Airport Authority,Excessive DNS Queries for DGA Domains,Network,Medium,MAA-ATC-VOICE-GW-01,Closed,2026-09-29 07:19:41,2026-09-29 08:26:28,66.8,No,SOC-OP-19,Source IP traced to authorized vulnerability scanner subnet running scheduled monthly credentialed scan. Host logs match Nessus user-agent profile.
ALT-1456,ENT-004,Metro Airport Authority,Multiple Failed Logins Followed by Successful Admin Access,Authentication,High,MAA-PERIMETER-CCTV-VMS,Closed,2026-09-02 08:16:31,2026-09-02 08:29:09,12.6,No,SOC-OP-16,--
ALT-1457,ENT-004,Metro Airport Authority,Privilege Escalation on Domain Controller,Authentication,Critical,MAA-ATC-VOICE-GW-01,Closed,2026-09-15 12:10:28,2026-09-15 14:07:23,116.9,No,SOC-OP-21,Investigated parent process ancestry. Confirmed legitimate administrative maintenance script signed by Enterprise IT Certificate #9914.
ALT-1458,ENT-004,Metro Airport Authority,Excessive DNS Queries for DGA Domains,Network,Critical,MAA-BAGGAGE-SCADA-PLC,Closed,2026-09-22 11:17:49,2026-09-22 11:28:36,10.8,No,SOC-OP-12,--
ALT-1459,ENT-004,Metro Airport Authority,Air Traffic Primary Radar Feed Desync,Aviation Sensor,Critical,MAA-BAGGAGE-SCADA-PLC,Escalated,2026-09-27 00:43:57,,0.0,Yes,SOC-OP-24,In progress by analyst on shift
ALT-1460,ENT-004,Metro Airport Authority,User Account Password Changed During Off-Hours,Identity,Low,MAA-ATC-VOICE-GW-01,Closed,2026-08-30 21:21:49,2026-08-30 22:29:08,67.3,No,SOC-OP-24,Ok
ALT-1461,ENT-004,Metro Airport Authority,Outdated Endpoint Antivirus Signature,Endpoint Compliance,Low,MAA-AODB-PRIMARY-SRV,Closed,2026-09-23 19:38:25,2026-09-23 19:53:49,15.4,No,SOC-OP-18,Analyst reviewed PCAP and verified destination IP is an authorized NTP server. No secondary beaconing observed. Endpoint EDR host isolation not required.
ALT-1462,ENT-004,Metro Airport Authority,Unauthorized Registry Modification on SCADA HMI,Endpoint,High,MAA-AODB-PRIMARY-SRV,Closed,2026-09-02 02:56:54,2026-09-02 03:07:03,10.1,No,SOC-OP-17,No action needed
ALT-1463,ENT-004,Metro Airport Authority,New Service Creation via PsExec,Endpoint,Critical,MAA-AODB-PRIMARY-SRV,Closed,2026-09-27 03:33:47,2026-09-27 03:40:55,7.1,No,SOC-OP-13,N/A
ALT-1464,ENT-004,Metro Airport Authority,Unauthorized Registry Modification on SCADA HMI,Endpoint,High,MAA-PERIMETER-CCTV-VMS,Closed,2026-09-26 18:31:47,2026-09-26 18:37:05,5.3,No,SOC-OP-18,No action needed
ALT-1465,ENT-004,Metro Airport Authority,Excessive DNS Queries for DGA Domains,Network,Medium,MAA-AODB-PRIMARY-SRV,Escalated,2026-09-01 22:20:55,,0.0,Yes,SOC-OP-13,In progress by analyst on shift
ALT-1466,ENT-004,Metro Airport Authority,User Account Password Changed During Off-Hours,Identity,Critical,MAA-AODB-PRIMARY-SRV,Closed,2026-09-15 22:36:02,2026-09-16 02:14:05,218.0,No,SOC-OP-16,Verified against change management ticket CHG-88219. Database schema update was authorized by DBA team during approved maintenance window.
ALT-1467,ENT-004,Metro Airport Authority,Unusual Outbound C2 Traffic to Bulletproof Host,Network,Critical,MAA-ATC-VOICE-GW-01,Closed,2026-09-10 13:13:02,2026-09-10 13:16:36,3.6,No,SOC-OP-25,N/A
ALT-1468,ENT-004,Metro Airport Authority,Excessive DNS Queries for DGA Domains,Network,Medium,MAA-BAGGAGE-SCADA-PLC,Closed,2026-09-07 04:48:35,2026-09-07 06:11:54,83.3,No,SOC-OP-13,Verified against change management ticket CHG-88219. Database schema update was authorized by DBA team during approved maintenance window.
ALT-1469,ENT-004,Metro Airport Authority,Certificate Expiration Warning on TLS Gateway,Configuration,Low,MAA-ATC-VOICE-GW-01,Closed,2026-09-25 22:21:54,2026-09-25 22:36:51,14.9,No,SOC-OP-10,False positive
ALT-1470,ENT-004,Metro Airport Authority,Certificate Expiration Warning on TLS Gateway,Configuration,Low,MAA-PERIMETER-CCTV-VMS,Closed,2026-09-08 11:17:04,2026-09-08 12:38:08,81.1,No,SOC-OP-20,Known scanner activity
ALT-1471,ENT-004,Metro Airport Authority,Certificate Expiration Warning on TLS Gateway,Configuration,Low,MAA-BAGGAGE-SCADA-PLC,Escalated,2026-09-23 13:50:52,,0.0,Yes,SOC-OP-13,In progress by analyst on shift
ALT-1472,ENT-004,Metro Airport Authority,Outdated Endpoint Antivirus Signature,Endpoint Compliance,Low,MAA-PERIMETER-CCTV-VMS,Closed,2026-08-31 13:44:54,2026-08-31 15:04:50,79.9,No,SOC-OP-15,No action needed
ALT-1473,ENT-004,Metro Airport Authority,Air Traffic Primary Radar Feed Desync,Aviation Sensor,Critical,MAA-AODB-PRIMARY-SRV,Escalated,2026-09-25 17:26:20,,0.0,Yes,SOC-OP-22,In progress by analyst on shift
ALT-1474,ENT-004,Metro Airport Authority,Certificate Expiration Warning on TLS Gateway,Configuration,Low,MAA-AODB-PRIMARY-SRV,Closed,2026-09-19 11:41:47,2026-09-19 12:20:52,39.1,No,SOC-OP-25,Resolved
ALT-1475,ENT-004,Metro Airport Authority,Unusual Outbound C2 Traffic to Bulletproof Host,Network,Critical,MAA-AODB-PRIMARY-SRV,Closed,2026-09-20 03:50:10,2026-09-20 04:07:07,16.9,No,SOC-OP-14,Checked and safe
ALT-1476,ENT-004,Metro Airport Authority,DDoS Volumetric Spike on External Gateway,Perimeter,Critical,MAA-PERIMETER-CCTV-VMS,Closed,2026-08-30 14:12:52,2026-08-30 14:25:59,13.1,No,SOC-OP-14,Resolved
ALT-1477,ENT-004,Metro Airport Authority,User Account Password Changed During Off-Hours,Identity,Low,MAA-ATC-VOICE-GW-01,Closed,2026-09-16 05:48:00,2026-09-16 06:56:55,68.9,No,SOC-OP-20,Verified against change management ticket CHG-88219. Database schema update was authorized by DBA team during approved maintenance window.
ALT-1478,ENT-004,Metro Airport Authority,Certificate Expiration Warning on TLS Gateway,Configuration,Low,MAA-AODB-PRIMARY-SRV,Closed,2026-08-31 01:47:02,2026-08-31 02:55:45,68.7,No,SOC-OP-16,--
ALT-1479,ENT-004,Metro Airport Authority,Unauthorized Registry Modification on SCADA HMI,Endpoint,High,MAA-PERIMETER-CCTV-VMS,Closed,2026-09-19 10:11:53,2026-09-19 10:19:03,7.2,No,SOC-OP-15,Closed per shift lead
ALT-1480,ENT-004,Metro Airport Authority,Certificate Expiration Warning on TLS Gateway,Configuration,Low,MAA-PERIMETER-CCTV-VMS,Closed,2026-09-09 10:53:09,2026-09-09 11:32:08,39.0,No,SOC-OP-25,Investigated parent process ancestry. Confirmed legitimate administrative maintenance script signed by Enterprise IT Certificate #9914.
ALT-1481,ENT-005,Eastern Port Trust,PowerShell Script Executed with Encoded Command,Endpoint,High,EPT-GATE-RFID-CTRL-01,Closed,2026-09-25 05:02:55,2026-09-25 07:04:04,121.1,No,SOC-OP-25,Investigated parent process ancestry. Confirmed legitimate administrative maintenance script signed by Enterprise IT Certificate #9914.
ALT-1482,ENT-005,Eastern Port Trust,Unusual Outbound C2 Traffic to Bulletproof Host,Network,Critical,EPT-TOS-CONTAINER-SRV-1,Escalated,2026-09-08 03:24:56,,0.0,Yes,SOC-OP-20,In progress by analyst on shift
ALT-1483,ENT-005,Eastern Port Trust,Excessive DNS Queries for DGA Domains,Network,Medium,EPT-TOS-CONTAINER-SRV-1,Investigating,2026-09-25 10:07:21,,0.0,No,SOC-OP-13,In progress by analyst on shift
ALT-1484,ENT-005,Eastern Port Trust,Outdated Endpoint Antivirus Signature,Endpoint Compliance,Low,EPT-VESSEL-TRAFFIC-RADAR,Closed,2026-09-12 19:04:05,2026-09-12 20:02:52,58.8,No,SOC-OP-23,"Alert triaged. Observed multiple TLS handshakes from internal host to external TOR exit node. Host isolated from corporate network via EDR, forensic memory image collected, escalated to Tier 2 Incident Response."
ALT-1485,ENT-005,Eastern Port Trust,New Service Creation via PsExec,Endpoint,Medium,EPT-TOS-CONTAINER-SRV-1,Closed,2026-09-02 02:09:50,2026-09-02 02:23:19,13.5,No,SOC-OP-15,Verified against change management ticket CHG-88219. Database schema update was authorized by DBA team during approved maintenance window.
ALT-1486,ENT-005,Eastern Port Trust,Multiple Failed Logins Followed by Successful Admin Access,Authentication,High,EPT-TOS-CONTAINER-SRV-1,Investigating,2026-09-04 11:23:09,,0.0,No,SOC-OP-23,In progress by analyst on shift
ALT-1487,ENT-005,Eastern Port Trust,Excessive DNS Queries for DGA Domains,Network,Medium,EPT-GATE-RFID-CTRL-01,Escalated,2026-09-17 02:24:52,,0.0,Yes,SOC-OP-22,In progress by analyst on shift
ALT-1488,ENT-005,Eastern Port Trust,Outdated Endpoint Antivirus Signature,Endpoint Compliance,Low,EPT-VESSEL-TRAFFIC-RADAR,Closed,2026-09-01 23:20:29,2026-09-02 00:22:35,62.1,No,SOC-OP-22,Source IP traced to authorized vulnerability scanner subnet running scheduled monthly credentialed scan. Host logs match Nessus user-agent profile.
ALT-1489,ENT-005,Eastern Port Trust,PowerShell Script Executed with Encoded Command,Endpoint,Critical,EPT-GATE-RFID-CTRL-01,Closed,2026-08-31 01:11:15,2026-08-31 05:02:22,231.1,No,SOC-OP-12,Analyst reviewed PCAP and verified destination IP is an authorized NTP server. No secondary beaconing observed. Endpoint EDR host isolation not required.
ALT-1490,ENT-005,Eastern Port Trust,Unusual Outbound C2 Traffic to Bulletproof Host,Network,Critical,EPT-TOS-CONTAINER-SRV-1,Escalated,2026-09-19 06:19:33,,0.0,Yes,SOC-OP-12,In progress by analyst on shift
ALT-1491,ENT-005,Eastern Port Trust,Air Traffic Primary Radar Feed Desync,Aviation Sensor,Critical,EPT-TOS-CONTAINER-SRV-1,Closed,2026-09-24 20:04:37,2026-09-24 23:37:24,212.8,No,SOC-OP-18,Source IP traced to authorized vulnerability scanner subnet running scheduled monthly credentialed scan. Host logs match Nessus user-agent profile.
ALT-1492,ENT-005,Eastern Port Trust,Certificate Expiration Warning on TLS Gateway,Configuration,Low,EPT-VESSEL-TRAFFIC-RADAR,Closed,2026-09-20 07:29:39,2026-09-20 07:42:08,12.5,No,SOC-OP-18,Resolved
ALT-1493,ENT-005,Eastern Port Trust,New Service Creation via PsExec,Endpoint,Medium,EPT-VESSEL-TRAFFIC-RADAR,Closed,2026-09-07 02:06:50,2026-09-07 02:24:44,17.9,No,SOC-OP-23,Verified against change management ticket CHG-88219. Database schema update was authorized by DBA team during approved maintenance window.
ALT-1494,ENT-005,Eastern Port Trust,Unauthorized Registry Modification on SCADA HMI,Endpoint,High,EPT-GATE-RFID-CTRL-01,Closed,2026-09-07 18:43:32,2026-09-07 20:29:25,105.9,No,SOC-OP-22,"Alert triaged. Observed multiple TLS handshakes from internal host to external TOR exit node. Host isolated from corporate network via EDR, forensic memory image collected, escalated to Tier 2 Incident Response."
ALT-1495,ENT-005,Eastern Port Trust,User Account Password Changed During Off-Hours,Identity,Critical,EPT-GATE-RFID-CTRL-01,Closed,2026-09-01 06:55:01,2026-09-01 10:14:29,199.5,Yes,SOC-OP-17,Source IP traced to authorized vulnerability scanner subnet running scheduled monthly credentialed scan. Host logs match Nessus user-agent profile.
ALT-1496,ENT-005,Eastern Port Trust,Certificate Expiration Warning on TLS Gateway,Configuration,Low,EPT-VESSEL-TRAFFIC-RADAR,Escalated,2026-09-09 05:22:21,,0.0,Yes,SOC-OP-15,In progress by analyst on shift
ALT-1497,ENT-005,Eastern Port Trust,PowerShell Script Executed with Encoded Command,Endpoint,High,EPT-GATE-RFID-CTRL-01,Closed,2026-09-23 19:48:43,2026-09-23 22:27:21,158.6,No,SOC-OP-12,Analyst reviewed PCAP and verified destination IP is an authorized NTP server. No secondary beaconing observed. Endpoint EDR host isolation not required.
ALT-1498,ENT-005,Eastern Port Trust,PowerShell Script Executed with Encoded Command,Endpoint,High,EPT-VESSEL-TRAFFIC-RADAR,Closed,2026-09-02 19:04:30,2026-09-02 20:05:59,61.5,No,SOC-OP-19,Source IP traced to authorized vulnerability scanner subnet running scheduled monthly credentialed scan. Host logs match Nessus user-agent profile.
ALT-1499,ENT-005,Eastern Port Trust,SWIFT Transaction Queue Tamper Event,Financial Core,Critical,EPT-VESSEL-TRAFFIC-RADAR,Closed,2026-09-09 16:48:11,2026-09-09 17:46:51,58.7,Yes,SOC-OP-15,Source IP traced to authorized vulnerability scanner subnet running scheduled monthly credentialed scan. Host logs match Nessus user-agent profile.
ALT-1500,ENT-005,Eastern Port Trust,Privilege Escalation on Domain Controller,Authentication,Critical,EPT-TOS-CONTAINER-SRV-1,Closed,2026-09-06 05:46:26,2026-09-06 08:33:27,167.0,Yes,SOC-OP-15,Analyst reviewed PCAP and verified destination IP is an authorized NTP server. No secondary beaconing observed. Endpoint EDR host isolation not required.
ALT-1501,ENT-005,Eastern Port Trust,Excessive DNS Queries for DGA Domains,Network,Medium,EPT-GATE-RFID-CTRL-01,Closed,2026-09-17 15:36:56,2026-09-17 15:57:13,20.3,No,SOC-OP-20,Analyst reviewed PCAP and verified destination IP is an authorized NTP server. No secondary beaconing observed. Endpoint EDR host isolation not required.
ALT-1502,ENT-005,Eastern Port Trust,User Account Password Changed During Off-Hours,Identity,Low,EPT-GATE-RFID-CTRL-01,Closed,2026-09-09 12:07:08,2026-09-09 13:18:35,71.4,No,SOC-OP-22,No action needed
ALT-1503,ENT-005,Eastern Port Trust,New Service Creation via PsExec,Endpoint,Medium,EPT-TOS-CONTAINER-SRV-1,Closed,2026-09-05 00:35:36,2026-09-05 01:00:45,25.1,No,SOC-OP-22,Investigated parent process ancestry. Confirmed legitimate administrative maintenance script signed by Enterprise IT Certificate #9914.
ALT-1504,ENT-005,Eastern Port Trust,Outdated Endpoint Antivirus Signature,Endpoint Compliance,Low,EPT-TOS-CONTAINER-SRV-1,Closed,2026-09-17 00:42:36,2026-09-17 01:21:25,38.8,No,SOC-OP-21,--
ALT-1505,ENT-005,Eastern Port Trust,Unusual Outbound C2 Traffic to Bulletproof Host,Network,Critical,EPT-TOS-CONTAINER-SRV-1,Closed,2026-09-22 11:02:01,2026-09-22 11:50:37,48.6,No,SOC-OP-15,"Alert triaged. Observed multiple TLS handshakes from internal host to external TOR exit node. Host isolated from corporate network via EDR, forensic memory image collected, escalated to Tier 2 Incident Response."
ALT-1506,ENT-005,Eastern Port Trust,New Service Creation via PsExec,Endpoint,Medium,EPT-TOS-CONTAINER-SRV-1,Closed,2026-09-26 08:39:43,2026-09-26 10:01:56,82.2,No,SOC-OP-10,Duplicate alert
ALT-1507,ENT-005,Eastern Port Trust,Air Traffic Primary Radar Feed Desync,Aviation Sensor,Critical,EPT-VESSEL-TRAFFIC-RADAR,Closed,2026-09-08 23:18:51,2026-09-09 00:33:21,74.5,Yes,SOC-OP-11,"Alert triaged. Observed multiple TLS handshakes from internal host to external TOR exit node. Host isolated from corporate network via EDR, forensic memory image collected, escalated to Tier 2 Incident Response."
ALT-1508,ENT-005,Eastern Port Trust,Certificate Expiration Warning on TLS Gateway,Configuration,Low,EPT-GATE-RFID-CTRL-01,Escalated,2026-09-08 05:19:13,,0.0,Yes,SOC-OP-25,In progress by analyst on shift
ALT-1509,ENT-005,Eastern Port Trust,New Service Creation via PsExec,Endpoint,Medium,EPT-GATE-RFID-CTRL-01,Closed,2026-09-18 18:21:26,2026-09-18 18:39:17,17.8,No,SOC-OP-13,N/A
ALT-1510,ENT-005,Eastern Port Trust,Air Traffic Primary Radar Feed Desync,Aviation Sensor,Critical,EPT-VESSEL-TRAFFIC-RADAR,Escalated,2026-09-28 20:26:54,,0.0,Yes,SOC-OP-23,In progress by analyst on shift
ALT-1511,ENT-005,Eastern Port Trust,SWIFT Transaction Queue Tamper Event,Financial Core,Critical,EPT-GATE-RFID-CTRL-01,Closed,2026-09-23 08:40:15,2026-09-23 10:58:19,138.1,No,SOC-OP-11,Analyst reviewed PCAP and verified destination IP is an authorized NTP server. No secondary beaconing observed. Endpoint EDR host isolation not required.
ALT-1512,ENT-005,Eastern Port Trust,Certificate Expiration Warning on TLS Gateway,Configuration,Low,EPT-VESSEL-TRAFFIC-RADAR,Closed,2026-09-25 16:40:32,2026-09-25 16:55:48,15.3,No,SOC-OP-23,Investigated parent process ancestry. Confirmed legitimate administrative maintenance script signed by Enterprise IT Certificate #9914.
ALT-1513,ENT-005,Eastern Port Trust,Outdated Endpoint Antivirus Signature,Endpoint Compliance,Critical,EPT-GATE-RFID-CTRL-01,Closed,2026-09-12 20:40:17,2026-09-12 22:23:15,103.0,No,SOC-OP-25,"Alert triaged. Observed multiple TLS handshakes from internal host to external TOR exit node. Host isolated from corporate network via EDR, forensic memory image collected, escalated to Tier 2 Incident Response."
ALT-1514,ENT-005,Eastern Port Trust,Multiple Failed Logins Followed by Successful Admin Access,Authentication,High,EPT-GATE-RFID-CTRL-01,Closed,2026-09-24 09:28:22,2026-09-24 10:56:02,87.7,No,SOC-OP-19,Analyst reviewed PCAP and verified destination IP is an authorized NTP server. No secondary beaconing observed. Endpoint EDR host isolation not required.
ALT-1515,ENT-005,Eastern Port Trust,Port Scanning from Substation Segment,Network,High,EPT-TOS-CONTAINER-SRV-1,Closed,2026-09-17 04:52:13,2026-09-17 06:12:12,80.0,No,SOC-OP-15,Source IP traced to authorized vulnerability scanner subnet running scheduled monthly credentialed scan. Host logs match Nessus user-agent profile.
ALT-1516,ENT-005,Eastern Port Trust,Privilege Escalation on Domain Controller,Authentication,Critical,EPT-VESSEL-TRAFFIC-RADAR,Escalated,2026-09-14 14:38:24,,0.0,Yes,SOC-OP-10,In progress by analyst on shift
ALT-1517,ENT-005,Eastern Port Trust,SCADA Telemetry Protocol Disruption,ICS/SCADA,Critical,EPT-VESSEL-TRAFFIC-RADAR,Closed,2026-09-02 12:27:19,2026-09-02 13:34:54,67.6,Yes,SOC-OP-24,Analyst reviewed PCAP and verified destination IP is an authorized NTP server. No secondary beaconing observed. Endpoint EDR host isolation not required.
ALT-1518,ENT-005,Eastern Port Trust,DDoS Volumetric Spike on External Gateway,Perimeter,High,EPT-GATE-RFID-CTRL-01,Closed,2026-09-16 18:20:05,2026-09-16 20:46:45,146.7,No,SOC-OP-22,Source IP traced to authorized vulnerability scanner subnet running scheduled monthly credentialed scan. Host logs match Nessus user-agent profile.
ALT-1519,ENT-005,Eastern Port Trust,Excessive DNS Queries for DGA Domains,Network,Critical,EPT-VESSEL-TRAFFIC-RADAR,Closed,2026-09-26 15:26:57,2026-09-26 17:26:48,119.8,Yes,SOC-OP-15,Verified against change management ticket CHG-88219. Database schema update was authorized by DBA team during approved maintenance window.
ALT-1520,ENT-005,Eastern Port Trust,Certificate Expiration Warning on TLS Gateway,Configuration,Low,EPT-TOS-CONTAINER-SRV-1,Closed,2026-09-08 12:02:15,2026-09-08 12:51:01,48.8,No,SOC-OP-17,Verified against change management ticket CHG-88219. Database schema update was authorized by DBA team during approved maintenance window.
ALT-1521,ENT-005,Eastern Port Trust,New Service Creation via PsExec,Endpoint,Medium,EPT-VESSEL-TRAFFIC-RADAR,Closed,2026-09-04 18:23:50,2026-09-04 19:15:42,51.9,No,SOC-OP-10,Ok
ALT-1522,ENT-005,Eastern Port Trust,New Service Creation via PsExec,Endpoint,Medium,EPT-TOS-CONTAINER-SRV-1,Closed,2026-09-01 18:55:57,2026-09-01 19:45:10,49.2,No,SOC-OP-21,Checked and safe
ALT-1523,ENT-005,Eastern Port Trust,SCADA Telemetry Protocol Disruption,ICS/SCADA,Critical,EPT-VESSEL-TRAFFIC-RADAR,Closed,2026-09-27 22:47:39,2026-09-27 23:37:58,50.3,No,SOC-OP-15,Source IP traced to authorized vulnerability scanner subnet running scheduled monthly credentialed scan. Host logs match Nessus user-agent profile.
ALT-1524,ENT-005,Eastern Port Trust,Unauthorized Registry Modification on SCADA HMI,Endpoint,High,EPT-VESSEL-TRAFFIC-RADAR,Escalated,2026-09-12 15:51:49,,0.0,Yes,SOC-OP-18,In progress by analyst on shift
ALT-1525,ENT-005,Eastern Port Trust,Air Traffic Primary Radar Feed Desync,Aviation Sensor,Critical,EPT-GATE-RFID-CTRL-01,Escalated,2026-09-06 16:45:44,,0.0,Yes,SOC-OP-15,In progress by analyst on shift
ALT-1526,ENT-005,Eastern Port Trust,Excessive DNS Queries for DGA Domains,Network,Medium,EPT-GATE-RFID-CTRL-01,Closed,2026-09-21 23:15:35,2026-09-22 00:28:55,73.3,No,SOC-OP-21,Duplicate alert
ALT-1527,ENT-005,Eastern Port Trust,Excessive DNS Queries for DGA Domains,Network,Critical,EPT-TOS-CONTAINER-SRV-1,Closed,2026-09-29 05:33:01,2026-09-29 07:50:05,137.1,No,SOC-OP-21,Verified against change management ticket CHG-88219. Database schema update was authorized by DBA team during approved maintenance window.
ALT-1528,ENT-005,Eastern Port Trust,Unauthorized Registry Modification on SCADA HMI,Endpoint,High,EPT-GATE-RFID-CTRL-01,Closed,2026-09-03 11:32:53,2026-09-03 13:43:50,130.9,No,SOC-OP-23,Investigated parent process ancestry. Confirmed legitimate administrative maintenance script signed by Enterprise IT Certificate #9914.
ALT-1529,ENT-005,Eastern Port Trust,PowerShell Script Executed with Encoded Command,Endpoint,High,EPT-VESSEL-TRAFFIC-RADAR,Escalated,2026-09-20 05:41:21,,0.0,Yes,SOC-OP-22,In progress by analyst on shift
ALT-1530,ENT-005,Eastern Port Trust,Multiple Failed Logins Followed by Successful Admin Access,Authentication,High,EPT-VESSEL-TRAFFIC-RADAR,Escalated,2026-09-18 16:51:02,,0.0,Yes,SOC-OP-19,In progress by analyst on shift
ALT-1531,ENT-005,Eastern Port Trust,Multiple Failed Logins Followed by Successful Admin Access,Authentication,High,EPT-TOS-CONTAINER-SRV-1,Escalated,2026-09-14 17:19:07,,0.0,Yes,SOC-OP-14,In progress by analyst on shift
ALT-1532,ENT-005,Eastern Port Trust,SCADA Telemetry Protocol Disruption,ICS/SCADA,Critical,EPT-VESSEL-TRAFFIC-RADAR,Closed,2026-09-26 23:50:42,2026-09-27 01:02:00,71.3,Yes,SOC-OP-10,Investigated parent process ancestry. Confirmed legitimate administrative maintenance script signed by Enterprise IT Certificate #9914.
ALT-1533,ENT-005,Eastern Port Trust,Outdated Endpoint Antivirus Signature,Endpoint Compliance,Critical,EPT-VESSEL-TRAFFIC-RADAR,Closed,2026-09-24 05:26:51,2026-09-24 09:20:51,234.0,No,SOC-OP-15,Source IP traced to authorized vulnerability scanner subnet running scheduled monthly credentialed scan. Host logs match Nessus user-agent profile.
ALT-1534,ENT-005,Eastern Port Trust,User Account Password Changed During Off-Hours,Identity,Low,EPT-VESSEL-TRAFFIC-RADAR,Closed,2026-09-12 18:09:55,2026-09-12 19:12:09,62.2,No,SOC-OP-11,No action needed
ALT-1535,ENT-005,Eastern Port Trust,Unauthorized Registry Modification on SCADA HMI,Endpoint,Critical,EPT-VESSEL-TRAFFIC-RADAR,Closed,2026-09-02 16:50:37,2026-09-02 18:24:57,94.3,No,SOC-OP-14,"Alert triaged. Observed multiple TLS handshakes from internal host to external TOR exit node. Host isolated from corporate network via EDR, forensic memory image collected, escalated to Tier 2 Incident Response."
ALT-1536,ENT-005,Eastern Port Trust,Multiple Failed Logins Followed by Successful Admin Access,Authentication,High,EPT-VESSEL-TRAFFIC-RADAR,Escalated,2026-08-30 15:12:03,,0.0,Yes,SOC-OP-16,In progress by analyst on shift
ALT-1537,ENT-005,Eastern Port Trust,Multiple Failed Logins Followed by Successful Admin Access,Authentication,High,EPT-GATE-RFID-CTRL-01,Closed,2026-09-25 08:08:22,2026-09-25 08:50:25,42.0,No,SOC-OP-17,Verified against change management ticket CHG-88219. Database schema update was authorized by DBA team during approved maintenance window.
ALT-1538,ENT-005,Eastern Port Trust,Excessive DNS Queries for DGA Domains,Network,Medium,EPT-GATE-RFID-CTRL-01,Escalated,2026-09-23 11:34:01,,0.0,Yes,SOC-OP-14,In progress by analyst on shift
ALT-1539,ENT-005,Eastern Port Trust,Excessive DNS Queries for DGA Domains,Network,Medium,EPT-TOS-CONTAINER-SRV-1,Closed,2026-09-03 13:41:52,2026-09-03 14:32:28,50.6,No,SOC-OP-17,No action needed
ALT-1540,ENT-005,Eastern Port Trust,Outdated Endpoint Antivirus Signature,Endpoint Compliance,Critical,EPT-VESSEL-TRAFFIC-RADAR,Closed,2026-09-19 00:15:12,2026-09-19 01:11:07,55.9,Yes,SOC-OP-17,"Alert triaged. Observed multiple TLS handshakes from internal host to external TOR exit node. Host isolated from corporate network via EDR, forensic memory image collected, escalated to Tier 2 Incident Response."
ALT-1541,ENT-005,Eastern Port Trust,Outdated Endpoint Antivirus Signature,Endpoint Compliance,Low,EPT-VESSEL-TRAFFIC-RADAR,Closed,2026-09-10 02:17:31,2026-09-10 03:00:40,43.1,No,SOC-OP-22,Checked and safe
ALT-1542,ENT-005,Eastern Port Trust,Privilege Escalation on Domain Controller,Authentication,Critical,EPT-VESSEL-TRAFFIC-RADAR,Closed,2026-09-11 06:57:26,2026-09-11 07:46:22,48.9,No,SOC-OP-20,Analyst reviewed PCAP and verified destination IP is an authorized NTP server. No secondary beaconing observed. Endpoint EDR host isolation not required.
ALT-1543,ENT-005,Eastern Port Trust,Unauthorized Registry Modification on SCADA HMI,Endpoint,High,EPT-VESSEL-TRAFFIC-RADAR,Escalated,2026-09-19 04:28:40,,0.0,Yes,SOC-OP-17,In progress by analyst on shift
ALT-1544,ENT-005,Eastern Port Trust,SCADA Telemetry Protocol Disruption,ICS/SCADA,Critical,EPT-TOS-CONTAINER-SRV-1,Closed,2026-09-28 00:44:31,2026-09-28 02:02:03,77.5,No,SOC-OP-16,Analyst reviewed PCAP and verified destination IP is an authorized NTP server. No secondary beaconing observed. Endpoint EDR host isolation not required.
ALT-1545,ENT-005,Eastern Port Trust,Outdated Endpoint Antivirus Signature,Endpoint Compliance,Low,EPT-GATE-RFID-CTRL-01,Closed,2026-09-15 21:13:56,2026-09-15 22:33:48,79.9,No,SOC-OP-13,False positive
ALT-1546,ENT-005,Eastern Port Trust,Excessive DNS Queries for DGA Domains,Network,Medium,EPT-VESSEL-TRAFFIC-RADAR,Closed,2026-09-12 14:18:25,2026-09-12 15:28:39,70.2,No,SOC-OP-14,Ok
ALT-1547,ENT-005,Eastern Port Trust,DDoS Volumetric Spike on External Gateway,Perimeter,High,EPT-GATE-RFID-CTRL-01,Escalated,2026-09-23 12:59:22,,0.0,Yes,SOC-OP-18,In progress by analyst on shift
ALT-1548,ENT-005,Eastern Port Trust,Privilege Escalation on Domain Controller,Authentication,Critical,EPT-TOS-CONTAINER-SRV-1,Closed,2026-08-31 16:54:35,2026-08-31 20:17:47,203.2,No,SOC-OP-15,Investigated parent process ancestry. Confirmed legitimate administrative maintenance script signed by Enterprise IT Certificate #9914.
ALT-1549,ENT-005,Eastern Port Trust,Privilege Escalation on Domain Controller,Authentication,Critical,EPT-VESSEL-TRAFFIC-RADAR,Investigating,2026-09-11 11:08:34,,0.0,Yes,SOC-OP-15,In progress by analyst on shift
ALT-1550,ENT-005,Eastern Port Trust,Certificate Expiration Warning on TLS Gateway,Configuration,Low,EPT-GATE-RFID-CTRL-01,Escalated,2026-09-02 19:00:16,,0.0,Yes,SOC-OP-10,In progress by analyst on shift
ALT-1551,ENT-005,Eastern Port Trust,Multiple Failed Logins Followed by Successful Admin Access,Authentication,High,EPT-VESSEL-TRAFFIC-RADAR,Closed,2026-09-18 14:45:10,2026-09-18 15:42:20,57.2,No,SOC-OP-18,Investigated parent process ancestry. Confirmed legitimate administrative maintenance script signed by Enterprise IT Certificate #9914.
ALT-1552,ENT-005,Eastern Port Trust,Privilege Escalation on Domain Controller,Authentication,Critical,EPT-GATE-RFID-CTRL-01,Closed,2026-09-05 00:34:34,2026-09-05 04:21:03,226.5,No,SOC-OP-15,Source IP traced to authorized vulnerability scanner subnet running scheduled monthly credentialed scan. Host logs match Nessus user-agent profile.
ALT-1553,ENT-005,Eastern Port Trust,New Service Creation via PsExec,Endpoint,Medium,EPT-GATE-RFID-CTRL-01,Closed,2026-09-29 08:17:15,2026-09-29 08:49:00,31.7,No,SOC-OP-20,Investigated parent process ancestry. Confirmed legitimate administrative maintenance script signed by Enterprise IT Certificate #9914.
ALT-1554,ENT-005,Eastern Port Trust,New Service Creation via PsExec,Endpoint,Medium,EPT-VESSEL-TRAFFIC-RADAR,Escalated,2026-09-13 12:35:20,,0.0,Yes,SOC-OP-10,In progress by analyst on shift
ALT-1555,ENT-005,Eastern Port Trust,DDoS Volumetric Spike on External Gateway,Perimeter,High,EPT-GATE-RFID-CTRL-01,Escalated,2026-09-24 11:41:57,,0.0,Yes,SOC-OP-13,In progress by analyst on shift
ALT-1556,ENT-005,Eastern Port Trust,DDoS Volumetric Spike on External Gateway,Perimeter,High,EPT-TOS-CONTAINER-SRV-1,Closed,2026-09-13 22:08:07,2026-09-13 23:57:15,109.1,No,SOC-OP-13,Analyst reviewed PCAP and verified destination IP is an authorized NTP server. No secondary beaconing observed. Endpoint EDR host isolation not required.
ALT-1557,ENT-005,Eastern Port Trust,SWIFT Transaction Queue Tamper Event,Financial Core,Critical,EPT-TOS-CONTAINER-SRV-1,Closed,2026-09-05 12:48:58,2026-09-05 16:12:40,203.7,No,SOC-OP-22,"Alert triaged. Observed multiple TLS handshakes from internal host to external TOR exit node. Host isolated from corporate network via EDR, forensic memory image collected, escalated to Tier 2 Incident Response."
ALT-1558,ENT-005,Eastern Port Trust,PowerShell Script Executed with Encoded Command,Endpoint,High,EPT-TOS-CONTAINER-SRV-1,Closed,2026-09-29 00:02:33,2026-09-29 00:36:30,34.0,No,SOC-OP-21,"Alert triaged. Observed multiple TLS handshakes from internal host to external TOR exit node. Host isolated from corporate network via EDR, forensic memory image collected, escalated to Tier 2 Incident Response."
ALT-1559,ENT-005,Eastern Port Trust,Multiple Failed Logins Followed by Successful Admin Access,Authentication,High,EPT-GATE-RFID-CTRL-01,Closed,2026-09-10 04:31:46,2026-09-10 06:13:40,101.9,No,SOC-OP-17,Analyst reviewed PCAP and verified destination IP is an authorized NTP server. No secondary beaconing observed. Endpoint EDR host isolation not required.
ALT-1560,ENT-005,Eastern Port Trust,Air Traffic Primary Radar Feed Desync,Aviation Sensor,Critical,EPT-GATE-RFID-CTRL-01,Closed,2026-08-31 10:59:35,2026-08-31 11:52:09,52.6,Yes,SOC-OP-14,"Alert triaged. Observed multiple TLS handshakes from internal host to external TOR exit node. Host isolated from corporate network via EDR, forensic memory image collected, escalated to Tier 2 Incident Response."
ALT-1561,ENT-005,Eastern Port Trust,Privilege Escalation on Domain Controller,Authentication,Critical,EPT-VESSEL-TRAFFIC-RADAR,Closed,2026-09-19 19:22:23,2026-09-19 22:32:36,190.2,No,SOC-OP-20,Verified against change management ticket CHG-88219. Database schema update was authorized by DBA team during approved maintenance window.
ALT-1562,ENT-005,Eastern Port Trust,Outdated Endpoint Antivirus Signature,Endpoint Compliance,Low,EPT-VESSEL-TRAFFIC-RADAR,Closed,2026-09-18 10:20:49,2026-09-18 11:48:55,88.1,No,SOC-OP-15,Source IP traced to authorized vulnerability scanner subnet running scheduled monthly credentialed scan. Host logs match Nessus user-agent profile.
ALT-1563,ENT-005,Eastern Port Trust,Privilege Escalation on Domain Controller,Authentication,Critical,EPT-GATE-RFID-CTRL-01,Closed,2026-09-19 22:24:32,2026-09-20 02:14:13,229.7,No,SOC-OP-19,Analyst reviewed PCAP and verified destination IP is an authorized NTP server. No secondary beaconing observed. Endpoint EDR host isolation not required.
ALT-1564,ENT-005,Eastern Port Trust,Outdated Endpoint Antivirus Signature,Endpoint Compliance,Low,EPT-TOS-CONTAINER-SRV-1,Closed,2026-09-19 07:20:50,2026-09-19 08:18:07,57.3,No,SOC-OP-12,Verified against change management ticket CHG-88219. Database schema update was authorized by DBA team during approved maintenance window.
ALT-1565,ENT-005,Eastern Port Trust,Unauthorized Registry Modification on SCADA HMI,Endpoint,High,EPT-TOS-CONTAINER-SRV-1,Closed,2026-09-05 14:21:28,2026-09-05 16:19:40,118.2,No,SOC-OP-15,"Alert triaged. Observed multiple TLS handshakes from internal host to external TOR exit node. Host isolated from corporate network via EDR, forensic memory image collected, escalated to Tier 2 Incident Response."
ALT-1566,ENT-005,Eastern Port Trust,SWIFT Transaction Queue Tamper Event,Financial Core,Critical,EPT-TOS-CONTAINER-SRV-1,Closed,2026-09-07 06:17:36,2026-09-07 08:27:52,130.3,No,SOC-OP-20,Analyst reviewed PCAP and verified destination IP is an authorized NTP server. No secondary beaconing observed. Endpoint EDR host isolation not required.
ALT-1567,ENT-005,Eastern Port Trust,DDoS Volumetric Spike on External Gateway,Perimeter,High,EPT-VESSEL-TRAFFIC-RADAR,Closed,2026-08-31 16:39:46,2026-08-31 19:11:58,152.2,No,SOC-OP-20,Verified against change management ticket CHG-88219. Database schema update was authorized by DBA team during approved maintenance window.
ALT-1568,ENT-005,Eastern Port Trust,Excessive DNS Queries for DGA Domains,Network,Medium,EPT-TOS-CONTAINER-SRV-1,Closed,2026-09-12 17:54:16,2026-09-12 19:07:06,72.8,No,SOC-OP-25,"Alert triaged. Observed multiple TLS handshakes from internal host to external TOR exit node. Host isolated from corporate network via EDR, forensic memory image collected, escalated to Tier 2 Incident Response."
ALT-1569,ENT-005,Eastern Port Trust,DDoS Volumetric Spike on External Gateway,Perimeter,High,EPT-VESSEL-TRAFFIC-RADAR,Escalated,2026-09-27 13:06:24,,0.0,Yes,SOC-OP-18,In progress by analyst on shift
ALT-1570,ENT-005,Eastern Port Trust,PowerShell Script Executed with Encoded Command,Endpoint,High,EPT-VESSEL-TRAFFIC-RADAR,Investigating,2026-09-06 19:47:20,,0.0,No,SOC-OP-17,In progress by analyst on shift
ALT-1571,ENT-005,Eastern Port Trust,User Account Password Changed During Off-Hours,Identity,Low,EPT-GATE-RFID-CTRL-01,Closed,2026-09-16 03:12:05,2026-09-16 04:28:07,76.0,No,SOC-OP-12,Investigated parent process ancestry. Confirmed legitimate administrative maintenance script signed by Enterprise IT Certificate #9914.
ALT-1572,ENT-005,Eastern Port Trust,DDoS Volumetric Spike on External Gateway,Perimeter,High,EPT-GATE-RFID-CTRL-01,Closed,2026-09-04 23:10:57,2026-09-05 02:00:37,169.7,No,SOC-OP-16,Source IP traced to authorized vulnerability scanner subnet running scheduled monthly credentialed scan. Host logs match Nessus user-agent profile.
ALT-1573,ENT-005,Eastern Port Trust,Port Scanning from Substation Segment,Network,High,EPT-VESSEL-TRAFFIC-RADAR,Escalated,2026-09-25 17:39:31,,0.0,Yes,SOC-OP-12,In progress by analyst on shift
ALT-1574,ENT-005,Eastern Port Trust,Privilege Escalation on Domain Controller,Authentication,Critical,EPT-VESSEL-TRAFFIC-RADAR,Closed,2026-09-28 05:26:47,2026-09-28 08:10:25,163.6,No,SOC-OP-20,Analyst reviewed PCAP and verified destination IP is an authorized NTP server. No secondary beaconing observed. Endpoint EDR host isolation not required.
ALT-1575,ENT-005,Eastern Port Trust,Privilege Escalation on Domain Controller,Authentication,Critical,EPT-GATE-RFID-CTRL-01,Closed,2026-09-09 09:50:33,2026-09-09 12:07:41,137.1,No,SOC-OP-13,Verified against change management ticket CHG-88219. Database schema update was authorized by DBA team during approved maintenance window.
ALT-1576,ENT-005,Eastern Port Trust,Certificate Expiration Warning on TLS Gateway,Configuration,Low,EPT-TOS-CONTAINER-SRV-1,Closed,2026-09-26 03:15:09,2026-09-26 04:03:13,48.1,No,SOC-OP-10,Closed per shift lead
ALT-1577,ENT-005,Eastern Port Trust,Excessive DNS Queries for DGA Domains,Network,Medium,EPT-TOS-CONTAINER-SRV-1,Escalated,2026-09-26 11:52:57,,0.0,Yes,SOC-OP-16,In progress by analyst on shift
ALT-1578,ENT-005,Eastern Port Trust,Privilege Escalation on Domain Controller,Authentication,Critical,EPT-GATE-RFID-CTRL-01,Investigating,2026-09-21 18:06:06,,0.0,No,SOC-OP-15,In progress by analyst on shift
ALT-1579,ENT-005,Eastern Port Trust,Excessive DNS Queries for DGA Domains,Network,Medium,EPT-VESSEL-TRAFFIC-RADAR,Closed,2026-09-20 12:44:10,2026-09-20 13:24:58,40.8,No,SOC-OP-10,N/A
ALT-1580,ENT-005,Eastern Port Trust,New Service Creation via PsExec,Endpoint,Medium,EPT-TOS-CONTAINER-SRV-1,Closed,2026-09-28 07:20:49,2026-09-28 07:38:56,18.1,No,SOC-OP-18,Analyst reviewed PCAP and verified destination IP is an authorized NTP server. No secondary beaconing observed. Endpoint EDR host isolation not required.
ALT-1581,ENT-005,Eastern Port Trust,PowerShell Script Executed with Encoded Command,Endpoint,High,EPT-TOS-CONTAINER-SRV-1,Closed,2026-09-24 23:39:02,2026-09-25 01:06:29,87.4,No,SOC-OP-16,"Alert triaged. Observed multiple TLS handshakes from internal host to external TOR exit node. Host isolated from corporate network via EDR, forensic memory image collected, escalated to Tier 2 Incident Response."
ALT-1582,ENT-005,Eastern Port Trust,Unauthorized Registry Modification on SCADA HMI,Endpoint,High,EPT-GATE-RFID-CTRL-01,Closed,2026-09-21 20:35:23,2026-09-21 21:56:56,81.5,No,SOC-OP-11,Verified against change management ticket CHG-88219. Database schema update was authorized by DBA team during approved maintenance window.
ALT-1583,ENT-005,Eastern Port Trust,Unauthorized Registry Modification on SCADA HMI,Endpoint,Critical,EPT-GATE-RFID-CTRL-01,Closed,2026-09-26 21:48:52,2026-09-27 01:12:34,203.7,Yes,SOC-OP-15,"Alert triaged. Observed multiple TLS handshakes from internal host to external TOR exit node. Host isolated from corporate network via EDR, forensic memory image collected, escalated to Tier 2 Incident Response."
ALT-1584,ENT-005,Eastern Port Trust,DDoS Volumetric Spike on External Gateway,Perimeter,High,EPT-TOS-CONTAINER-SRV-1,Closed,2026-09-24 09:56:24,2026-09-24 12:45:07,168.7,No,SOC-OP-12,"Alert triaged. Observed multiple TLS handshakes from internal host to external TOR exit node. Host isolated from corporate network via EDR, forensic memory image collected, escalated to Tier 2 Incident Response."
ALT-1585,ENT-005,Eastern Port Trust,DDoS Volumetric Spike on External Gateway,Perimeter,High,EPT-VESSEL-TRAFFIC-RADAR,Escalated,2026-08-30 18:32:13,,0.0,Yes,SOC-OP-12,In progress by analyst on shift
ALT-1586,ENT-005,Eastern Port Trust,Privilege Escalation on Domain Controller,Authentication,Critical,EPT-GATE-RFID-CTRL-01,Closed,2026-08-31 16:10:24,2026-08-31 18:59:13,168.8,No,SOC-OP-13,Investigated parent process ancestry. Confirmed legitimate administrative maintenance script signed by Enterprise IT Certificate #9914.
ALT-1587,ENT-005,Eastern Port Trust,Outdated Endpoint Antivirus Signature,Endpoint Compliance,Low,EPT-GATE-RFID-CTRL-01,Closed,2026-09-22 12:14:33,2026-09-22 13:41:25,86.9,No,SOC-OP-11,Investigated parent process ancestry. Confirmed legitimate administrative maintenance script signed by Enterprise IT Certificate #9914.
ALT-1588,ENT-005,Eastern Port Trust,New Service Creation via PsExec,Endpoint,Medium,EPT-TOS-CONTAINER-SRV-1,Closed,2026-09-07 01:44:46,2026-09-07 02:18:03,33.3,No,SOC-OP-12,Closed per shift lead
ALT-1589,ENT-005,Eastern Port Trust,Port Scanning from Substation Segment,Network,High,EPT-VESSEL-TRAFFIC-RADAR,Closed,2026-09-15 03:00:35,2026-09-15 03:33:33,33.0,No,SOC-OP-17,Verified against change management ticket CHG-88219. Database schema update was authorized by DBA team during approved maintenance window.
ALT-1590,ENT-005,Eastern Port Trust,DDoS Volumetric Spike on External Gateway,Perimeter,Critical,EPT-VESSEL-TRAFFIC-RADAR,Closed,2026-09-21 05:49:46,2026-09-21 07:15:27,85.7,No,SOC-OP-18,Source IP traced to authorized vulnerability scanner subnet running scheduled monthly credentialed scan. Host logs match Nessus user-agent profile.
ALT-1591,ENT-005,Eastern Port Trust,SCADA Telemetry Protocol Disruption,ICS/SCADA,Critical,EPT-VESSEL-TRAFFIC-RADAR,Closed,2026-09-10 23:50:24,2026-09-11 00:51:41,61.3,No,SOC-OP-12,Analyst reviewed PCAP and verified destination IP is an authorized NTP server. No secondary beaconing observed. Endpoint EDR host isolation not required.
ALT-1592,ENT-005,Eastern Port Trust,Certificate Expiration Warning on TLS Gateway,Configuration,Low,EPT-VESSEL-TRAFFIC-RADAR,Closed,2026-09-14 02:07:37,2026-09-14 02:28:15,20.6,No,SOC-OP-14,Investigated parent process ancestry. Confirmed legitimate administrative maintenance script signed by Enterprise IT Certificate #9914.
ALT-1593,ENT-005,Eastern Port Trust,SCADA Telemetry Protocol Disruption,ICS/SCADA,Critical,EPT-VESSEL-TRAFFIC-RADAR,Closed,2026-09-02 19:45:53,2026-09-02 23:37:57,232.1,Yes,SOC-OP-24,Analyst reviewed PCAP and verified destination IP is an authorized NTP server. No secondary beaconing observed. Endpoint EDR host isolation not required.
ALT-1594,ENT-005,Eastern Port Trust,Multiple Failed Logins Followed by Successful Admin Access,Authentication,Critical,EPT-GATE-RFID-CTRL-01,Escalated,2026-09-07 05:54:16,,0.0,Yes,SOC-OP-14,In progress by analyst on shift
ALT-1595,ENT-005,Eastern Port Trust,Unauthorized Registry Modification on SCADA HMI,Endpoint,High,EPT-GATE-RFID-CTRL-01,Closed,2026-09-19 04:35:19,2026-09-19 07:14:44,159.4,No,SOC-OP-16,Verified against change management ticket CHG-88219. Database schema update was authorized by DBA team during approved maintenance window.
ALT-1596,ENT-005,Eastern Port Trust,Port Scanning from Substation Segment,Network,High,EPT-TOS-CONTAINER-SRV-1,Investigating,2026-09-13 05:11:06,,0.0,No,SOC-OP-24,In progress by analyst on shift
ALT-1597,ENT-005,Eastern Port Trust,New Service Creation via PsExec,Endpoint,Medium,EPT-GATE-RFID-CTRL-01,Closed,2026-09-12 16:37:05,2026-09-12 17:31:20,54.2,No,SOC-OP-18,Duplicate alert
ALT-1598,ENT-005,Eastern Port Trust,Multiple Failed Logins Followed by Successful Admin Access,Authentication,High,EPT-GATE-RFID-CTRL-01,Closed,2026-09-21 04:28:01,2026-09-21 05:31:18,63.3,No,SOC-OP-18,Investigated parent process ancestry. Confirmed legitimate administrative maintenance script signed by Enterprise IT Certificate #9914.
ALT-1599,ENT-005,Eastern Port Trust,PowerShell Script Executed with Encoded Command,Endpoint,Critical,EPT-VESSEL-TRAFFIC-RADAR,Closed,2026-09-06 04:20:06,2026-09-06 07:53:30,213.4,Yes,SOC-OP-19,Verified against change management ticket CHG-88219. Database schema update was authorized by DBA team during approved maintenance window.
ALT-1600,ENT-005,Eastern Port Trust,Port Scanning from Substation Segment,Network,High,EPT-TOS-CONTAINER-SRV-1,Closed,2026-09-19 13:12:06,2026-09-19 13:43:31,31.4,No,SOC-OP-13,Investigated parent process ancestry. Confirmed legitimate administrative maintenance script signed by Enterprise IT Certificate #9914.
ALT-1601,ENT-006,Central Metro Rail,Unusual Outbound C2 Traffic to Bulletproof Host,Network,Critical,CMR-FARE-COLLECT-BACKEND,Closed,2026-09-02 11:30:51,2026-09-02 11:33:10,2.3,No,SOC-OP-20,False positive
ALT-1602,ENT-006,Central Metro Rail,Port Scanning from Substation Segment,Network,High,CMR-CBTC-SIGNAL-SRV-1,Escalated,2026-09-01 16:56:15,,0.0,Yes,SOC-OP-20,In progress by analyst on shift
ALT-1603,ENT-006,Central Metro Rail,Air Traffic Primary Radar Feed Desync,Aviation Sensor,Critical,CMR-POWER-SCADA-RTU-2,Closed,2026-09-22 06:45:59,2026-09-22 06:50:24,4.4,No,SOC-OP-24,False positive
ALT-1604,ENT-006,Central Metro Rail,User Account Password Changed During Off-Hours,Identity,Low,CMR-POWER-SCADA-RTU-2,Closed,2026-09-06 05:23:18,2026-09-06 06:16:08,52.8,No,SOC-OP-13,Verified against change management ticket CHG-88219. Database schema update was authorized by DBA team during approved maintenance window.
ALT-1605,ENT-006,Central Metro Rail,Privilege Escalation on Domain Controller,Authentication,Critical,CMR-TRAIN-DISPATCH-ATS,Closed,2026-09-14 18:46:19,2026-09-14 18:59:59,13.7,No,SOC-OP-21,No action needed
ALT-1606,ENT-006,Central Metro Rail,New Service Creation via PsExec,Endpoint,Medium,CMR-FARE-COLLECT-BACKEND,Closed,2026-09-17 15:54:02,2026-09-17 16:30:58,36.9,No,SOC-OP-18,Known scanner activity
ALT-1607,ENT-006,Central Metro Rail,Certificate Expiration Warning on TLS Gateway,Configuration,Low,CMR-POWER-SCADA-RTU-2,Closed,2026-09-07 14:55:56,2026-09-07 15:12:03,16.1,No,SOC-OP-12,Known scanner activity
ALT-1608,ENT-006,Central Metro Rail,Air Traffic Primary Radar Feed Desync,Aviation Sensor,Critical,CMR-TRAIN-DISPATCH-ATS,Closed,2026-09-16 15:53:19,2026-09-16 16:01:58,8.6,No,SOC-OP-14,N/A
ALT-1609,ENT-006,Central Metro Rail,Unusual Outbound C2 Traffic to Bulletproof Host,Network,Critical,CMR-FARE-COLLECT-BACKEND,Investigating,2026-09-28 09:23:48,,0.0,Yes,SOC-OP-11,In progress by analyst on shift
ALT-1610,ENT-006,Central Metro Rail,PowerShell Script Executed with Encoded Command,Endpoint,High,CMR-FARE-COLLECT-BACKEND,Closed,2026-09-07 01:55:01,2026-09-07 02:08:02,13.0,No,SOC-OP-13,No action needed
ALT-1611,ENT-006,Central Metro Rail,SWIFT Transaction Queue Tamper Event,Financial Core,Critical,CMR-POWER-SCADA-RTU-2,Closed,2026-09-05 07:19:31,2026-09-05 12:42:37,323.1,No,SOC-OP-20,Verified against change management ticket CHG-88219. Database schema update was authorized by DBA team during approved maintenance window.
ALT-1612,ENT-006,Central Metro Rail,SCADA Telemetry Protocol Disruption,ICS/SCADA,Critical,CMR-CBTC-SIGNAL-SRV-1,Closed,2026-09-19 13:58:09,2026-09-19 14:55:32,57.4,No,SOC-OP-21,Analyst reviewed PCAP and verified destination IP is an authorized NTP server. No secondary beaconing observed. Endpoint EDR host isolation not required.
ALT-1613,ENT-006,Central Metro Rail,Unauthorized Registry Modification on SCADA HMI,Endpoint,High,CMR-POWER-SCADA-RTU-2,Closed,2026-09-08 20:47:29,2026-09-08 21:03:47,16.3,No,SOC-OP-24,--
ALT-1614,ENT-006,Central Metro Rail,PowerShell Script Executed with Encoded Command,Endpoint,Critical,CMR-POWER-SCADA-RTU-2,Closed,2026-09-15 07:32:52,2026-09-15 07:50:26,17.6,No,SOC-OP-14,Ok
ALT-1615,ENT-006,Central Metro Rail,Multiple Failed Logins Followed by Successful Admin Access,Authentication,Critical,CMR-CBTC-SIGNAL-SRV-1,Closed,2026-09-14 13:52:23,2026-09-14 18:12:23,260.0,No,SOC-OP-20,Analyst reviewed PCAP and verified destination IP is an authorized NTP server. No secondary beaconing observed. Endpoint EDR host isolation not required.
ALT-1616,ENT-006,Central Metro Rail,Excessive DNS Queries for DGA Domains,Network,Medium,CMR-FARE-COLLECT-BACKEND,Closed,2026-09-07 02:07:49,2026-09-07 03:04:41,56.9,No,SOC-OP-13,Source IP traced to authorized vulnerability scanner subnet running scheduled monthly credentialed scan. Host logs match Nessus user-agent profile.
ALT-1617,ENT-006,Central Metro Rail,Excessive DNS Queries for DGA Domains,Network,Medium,CMR-TRAIN-DISPATCH-ATS,Escalated,2026-09-01 19:23:55,,0.0,Yes,SOC-OP-10,In progress by analyst on shift
ALT-1618,ENT-006,Central Metro Rail,New Service Creation via PsExec,Endpoint,Medium,CMR-TRAIN-DISPATCH-ATS,Closed,2026-08-30 22:39:46,2026-08-30 23:35:44,56.0,No,SOC-OP-16,Verified against change management ticket CHG-88219. Database schema update was authorized by DBA team during approved maintenance window.
ALT-1619,ENT-006,Central Metro Rail,Excessive DNS Queries for DGA Domains,Network,Medium,CMR-FARE-COLLECT-BACKEND,Closed,2026-09-15 17:59:25,2026-09-15 18:22:07,22.7,No,SOC-OP-19,Source IP traced to authorized vulnerability scanner subnet running scheduled monthly credentialed scan. Host logs match Nessus user-agent profile.
ALT-1620,ENT-006,Central Metro Rail,Multiple Failed Logins Followed by Successful Admin Access,Authentication,High,CMR-FARE-COLLECT-BACKEND,Closed,2026-09-05 09:23:57,2026-09-05 09:38:39,14.7,No,SOC-OP-17,Ok
ALT-1621,ENT-006,Central Metro Rail,Unauthorized Registry Modification on SCADA HMI,Endpoint,High,CMR-TRAIN-DISPATCH-ATS,Closed,2026-09-09 18:38:17,2026-09-09 20:46:40,128.4,No,SOC-OP-16,"Alert triaged. Observed multiple TLS handshakes from internal host to external TOR exit node. Host isolated from corporate network via EDR, forensic memory image collected, escalated to Tier 2 Incident Response."
ALT-1622,ENT-006,Central Metro Rail,Certificate Expiration Warning on TLS Gateway,Configuration,Low,CMR-CBTC-SIGNAL-SRV-1,Escalated,2026-09-06 12:47:47,,0.0,Yes,SOC-OP-25,In progress by analyst on shift
ALT-1623,ENT-006,Central Metro Rail,Air Traffic Primary Radar Feed Desync,Aviation Sensor,Critical,CMR-TRAIN-DISPATCH-ATS,Escalated,2026-09-13 19:06:37,,0.0,Yes,SOC-OP-23,In progress by analyst on shift
ALT-1624,ENT-006,Central Metro Rail,New Service Creation via PsExec,Endpoint,Medium,CMR-CBTC-SIGNAL-SRV-1,Closed,2026-09-08 23:35:10,2026-09-09 01:04:15,89.1,No,SOC-OP-17,Ok
ALT-1625,ENT-006,Central Metro Rail,Unusual Outbound C2 Traffic to Bulletproof Host,Network,Critical,CMR-POWER-SCADA-RTU-2,Closed,2026-09-17 00:01:40,2026-09-17 02:23:58,142.3,No,SOC-OP-25,Investigated parent process ancestry. Confirmed legitimate administrative maintenance script signed by Enterprise IT Certificate #9914.
ALT-1626,ENT-006,Central Metro Rail,Privilege Escalation on Domain Controller,Authentication,Critical,CMR-TRAIN-DISPATCH-ATS,Closed,2026-09-13 00:33:23,2026-09-13 00:42:08,8.7,No,SOC-OP-18,Checked and safe
ALT-1627,ENT-006,Central Metro Rail,Unusual Outbound C2 Traffic to Bulletproof Host,Network,Critical,CMR-FARE-COLLECT-BACKEND,Closed,2026-09-12 00:46:02,2026-09-12 04:52:36,246.6,No,SOC-OP-21,Investigated parent process ancestry. Confirmed legitimate administrative maintenance script signed by Enterprise IT Certificate #9914.
ALT-1628,ENT-006,Central Metro Rail,Unauthorized Registry Modification on SCADA HMI,Endpoint,High,CMR-TRAIN-DISPATCH-ATS,Closed,2026-09-21 11:39:36,2026-09-21 13:17:53,98.3,No,SOC-OP-15,"Alert triaged. Observed multiple TLS handshakes from internal host to external TOR exit node. Host isolated from corporate network via EDR, forensic memory image collected, escalated to Tier 2 Incident Response."
ALT-1629,ENT-006,Central Metro Rail,Unusual Outbound C2 Traffic to Bulletproof Host,Network,Critical,CMR-CBTC-SIGNAL-SRV-1,Closed,2026-09-08 06:52:58,2026-09-08 10:35:13,222.2,No,SOC-OP-15,"Alert triaged. Observed multiple TLS handshakes from internal host to external TOR exit node. Host isolated from corporate network via EDR, forensic memory image collected, escalated to Tier 2 Incident Response."
ALT-1630,ENT-006,Central Metro Rail,Privilege Escalation on Domain Controller,Authentication,Critical,CMR-TRAIN-DISPATCH-ATS,Closed,2026-09-06 18:33:21,2026-09-06 18:45:56,12.6,No,SOC-OP-11,Resolved
ALT-1631,ENT-006,Central Metro Rail,DDoS Volumetric Spike on External Gateway,Perimeter,High,CMR-FARE-COLLECT-BACKEND,Closed,2026-09-20 22:01:13,2026-09-20 22:14:46,13.6,No,SOC-OP-14,Known scanner activity
ALT-1632,ENT-006,Central Metro Rail,User Account Password Changed During Off-Hours,Identity,Low,CMR-TRAIN-DISPATCH-ATS,Escalated,2026-09-12 17:24:14,,0.0,Yes,SOC-OP-25,In progress by analyst on shift
ALT-1633,ENT-006,Central Metro Rail,Excessive DNS Queries for DGA Domains,Network,Critical,CMR-TRAIN-DISPATCH-ATS,Closed,2026-09-01 05:58:53,2026-09-01 10:56:32,297.6,No,SOC-OP-13,Investigated parent process ancestry. Confirmed legitimate administrative maintenance script signed by Enterprise IT Certificate #9914.
ALT-1634,ENT-006,Central Metro Rail,Unauthorized Registry Modification on SCADA HMI,Endpoint,High,CMR-TRAIN-DISPATCH-ATS,Closed,2026-09-08 14:22:03,2026-09-08 14:28:27,6.4,No,SOC-OP-10,Checked and safe
ALT-1635,ENT-006,Central Metro Rail,Air Traffic Primary Radar Feed Desync,Aviation Sensor,Critical,CMR-CBTC-SIGNAL-SRV-1,Closed,2026-09-10 22:45:58,2026-09-10 22:52:51,6.9,No,SOC-OP-21,--
ALT-1636,ENT-006,Central Metro Rail,Unusual Outbound C2 Traffic to Bulletproof Host,Network,Critical,CMR-TRAIN-DISPATCH-ATS,Investigating,2026-09-02 16:25:37,,0.0,Yes,SOC-OP-17,In progress by analyst on shift
ALT-1637,ENT-006,Central Metro Rail,Certificate Expiration Warning on TLS Gateway,Configuration,Low,CMR-TRAIN-DISPATCH-ATS,Investigating,2026-09-14 23:27:31,,0.0,No,SOC-OP-19,In progress by analyst on shift
ALT-1638,ENT-006,Central Metro Rail,User Account Password Changed During Off-Hours,Identity,Low,CMR-POWER-SCADA-RTU-2,Investigating,2026-09-09 10:52:45,,0.0,No,SOC-OP-18,In progress by analyst on shift
ALT-1639,ENT-006,Central Metro Rail,PowerShell Script Executed with Encoded Command,Endpoint,High,CMR-FARE-COLLECT-BACKEND,Closed,2026-09-24 13:49:02,2026-09-24 13:56:17,7.2,No,SOC-OP-10,--
ALT-1640,ENT-006,Central Metro Rail,User Account Password Changed During Off-Hours,Identity,Low,CMR-CBTC-SIGNAL-SRV-1,Closed,2026-09-04 01:55:00,2026-09-04 03:14:59,80.0,No,SOC-OP-24,No action needed
ALT-1641,ENT-006,Central Metro Rail,Multiple Failed Logins Followed by Successful Admin Access,Authentication,High,CMR-FARE-COLLECT-BACKEND,Escalated,2026-09-20 21:17:48,,0.0,Yes,SOC-OP-14,In progress by analyst on shift
ALT-1642,ENT-006,Central Metro Rail,Excessive DNS Queries for DGA Domains,Network,Medium,CMR-POWER-SCADA-RTU-2,Closed,2026-09-29 09:49:14,2026-09-29 10:47:33,58.3,No,SOC-OP-10,Analyst reviewed PCAP and verified destination IP is an authorized NTP server. No secondary beaconing observed. Endpoint EDR host isolation not required.
ALT-1643,ENT-006,Central Metro Rail,DDoS Volumetric Spike on External Gateway,Perimeter,High,CMR-CBTC-SIGNAL-SRV-1,Escalated,2026-09-22 07:42:59,,0.0,Yes,SOC-OP-14,In progress by analyst on shift
ALT-1644,ENT-006,Central Metro Rail,DDoS Volumetric Spike on External Gateway,Perimeter,High,CMR-TRAIN-DISPATCH-ATS,Closed,2026-09-18 08:28:19,2026-09-18 08:38:46,10.4,No,SOC-OP-21,False positive
ALT-1645,ENT-006,Central Metro Rail,Unusual Outbound C2 Traffic to Bulletproof Host,Network,Critical,CMR-TRAIN-DISPATCH-ATS,Closed,2026-09-02 08:16:32,2026-09-02 08:20:58,4.4,No,SOC-OP-10,Ok
ALT-1646,ENT-006,Central Metro Rail,Multiple Failed Logins Followed by Successful Admin Access,Authentication,High,CMR-FARE-COLLECT-BACKEND,Closed,2026-09-13 23:41:41,2026-09-13 23:55:22,13.7,No,SOC-OP-10,--
ALT-1647,ENT-006,Central Metro Rail,Excessive DNS Queries for DGA Domains,Network,Critical,CMR-POWER-SCADA-RTU-2,Closed,2026-09-20 03:10:41,2026-09-20 03:13:42,3.0,No,SOC-OP-19,False positive
ALT-1648,ENT-006,Central Metro Rail,Multiple Failed Logins Followed by Successful Admin Access,Authentication,High,CMR-FARE-COLLECT-BACKEND,Escalated,2026-09-18 08:32:48,,0.0,Yes,SOC-OP-16,In progress by analyst on shift
ALT-1649,ENT-006,Central Metro Rail,Port Scanning from Substation Segment,Network,High,CMR-CBTC-SIGNAL-SRV-1,Closed,2026-08-31 10:29:58,2026-08-31 15:52:29,322.5,No,SOC-OP-12,Source IP traced to authorized vulnerability scanner subnet running scheduled monthly credentialed scan. Host logs match Nessus user-agent profile.
ALT-1650,ENT-006,Central Metro Rail,SWIFT Transaction Queue Tamper Event,Financial Core,Critical,CMR-CBTC-SIGNAL-SRV-1,Escalated,2026-09-05 20:48:01,,0.0,Yes,SOC-OP-21,In progress by analyst on shift
ALT-1651,ENT-006,Central Metro Rail,DDoS Volumetric Spike on External Gateway,Perimeter,High,CMR-CBTC-SIGNAL-SRV-1,Closed,2026-09-05 00:31:39,2026-09-05 00:43:59,12.3,No,SOC-OP-17,False positive
ALT-1652,ENT-006,Central Metro Rail,Unusual Outbound C2 Traffic to Bulletproof Host,Network,Critical,CMR-POWER-SCADA-RTU-2,Escalated,2026-09-11 16:20:58,,0.0,Yes,SOC-OP-12,In progress by analyst on shift
ALT-1653,ENT-006,Central Metro Rail,Privilege Escalation on Domain Controller,Authentication,Critical,CMR-FARE-COLLECT-BACKEND,Investigating,2026-09-15 19:07:36,,0.0,Yes,SOC-OP-22,In progress by analyst on shift
ALT-1654,ENT-006,Central Metro Rail,DDoS Volumetric Spike on External Gateway,Perimeter,High,CMR-TRAIN-DISPATCH-ATS,Closed,2026-09-28 09:49:16,2026-09-28 10:03:35,14.3,No,SOC-OP-23,Closed per shift lead
ALT-1655,ENT-006,Central Metro Rail,PowerShell Script Executed with Encoded Command,Endpoint,High,CMR-TRAIN-DISPATCH-ATS,Closed,2026-09-19 06:29:36,2026-09-19 06:38:33,8.9,No,SOC-OP-14,--
ALT-1656,ENT-006,Central Metro Rail,User Account Password Changed During Off-Hours,Identity,Low,CMR-TRAIN-DISPATCH-ATS,Closed,2026-09-23 15:13:47,2026-09-23 15:53:29,39.7,No,SOC-OP-17,Source IP traced to authorized vulnerability scanner subnet running scheduled monthly credentialed scan. Host logs match Nessus user-agent profile.
ALT-1657,ENT-006,Central Metro Rail,New Service Creation via PsExec,Endpoint,Critical,CMR-TRAIN-DISPATCH-ATS,Closed,2026-08-31 04:39:24,2026-08-31 08:27:37,228.2,No,SOC-OP-16,Verified against change management ticket CHG-88219. Database schema update was authorized by DBA team during approved maintenance window.
ALT-1658,ENT-006,Central Metro Rail,DDoS Volumetric Spike on External Gateway,Perimeter,High,CMR-POWER-SCADA-RTU-2,Closed,2026-09-02 08:43:44,2026-09-02 12:57:08,253.4,No,SOC-OP-21,Analyst reviewed PCAP and verified destination IP is an authorized NTP server. No secondary beaconing observed. Endpoint EDR host isolation not required.
ALT-1659,ENT-006,Central Metro Rail,DDoS Volumetric Spike on External Gateway,Perimeter,High,CMR-CBTC-SIGNAL-SRV-1,Investigating,2026-09-04 18:53:01,,0.0,No,SOC-OP-17,In progress by analyst on shift
ALT-1660,ENT-006,Central Metro Rail,Privilege Escalation on Domain Controller,Authentication,Critical,CMR-CBTC-SIGNAL-SRV-1,Closed,2026-09-26 02:58:16,2026-09-26 06:37:01,218.7,Yes,SOC-OP-14,Investigated parent process ancestry. Confirmed legitimate administrative maintenance script signed by Enterprise IT Certificate #9914.
ALT-1661,ENT-006,Central Metro Rail,PowerShell Script Executed with Encoded Command,Endpoint,High,CMR-TRAIN-DISPATCH-ATS,Closed,2026-09-18 10:22:22,2026-09-18 10:34:53,12.5,No,SOC-OP-25,No action needed
ALT-1662,ENT-006,Central Metro Rail,Air Traffic Primary Radar Feed Desync,Aviation Sensor,Critical,CMR-TRAIN-DISPATCH-ATS,Closed,2026-09-10 13:31:52,2026-09-10 13:34:56,3.1,No,SOC-OP-15,Duplicate alert
ALT-1663,ENT-006,Central Metro Rail,Unusual Outbound C2 Traffic to Bulletproof Host,Network,Critical,CMR-POWER-SCADA-RTU-2,Closed,2026-09-13 00:00:36,2026-09-13 03:34:00,213.4,Yes,SOC-OP-13,Source IP traced to authorized vulnerability scanner subnet running scheduled monthly credentialed scan. Host logs match Nessus user-agent profile.
ALT-1664,ENT-006,Central Metro Rail,PowerShell Script Executed with Encoded Command,Endpoint,High,CMR-FARE-COLLECT-BACKEND,Escalated,2026-08-31 07:40:48,,0.0,Yes,SOC-OP-12,In progress by analyst on shift
ALT-1665,ENT-006,Central Metro Rail,Certificate Expiration Warning on TLS Gateway,Configuration,Low,CMR-FARE-COLLECT-BACKEND,Investigating,2026-09-07 15:56:23,,0.0,No,SOC-OP-18,In progress by analyst on shift
ALT-1666,ENT-006,Central Metro Rail,Unusual Outbound C2 Traffic to Bulletproof Host,Network,Critical,CMR-CBTC-SIGNAL-SRV-1,Closed,2026-09-02 13:59:24,2026-09-02 14:15:27,16.0,No,SOC-OP-22,No action needed
ALT-1667,ENT-006,Central Metro Rail,Privilege Escalation on Domain Controller,Authentication,Critical,CMR-FARE-COLLECT-BACKEND,Escalated,2026-09-19 00:09:12,,0.0,Yes,SOC-OP-25,In progress by analyst on shift
ALT-1668,ENT-006,Central Metro Rail,Air Traffic Primary Radar Feed Desync,Aviation Sensor,Critical,CMR-POWER-SCADA-RTU-2,Closed,2026-09-28 17:56:47,2026-09-28 20:02:17,125.5,Yes,SOC-OP-10,Analyst reviewed PCAP and verified destination IP is an authorized NTP server. No secondary beaconing observed. Endpoint EDR host isolation not required.
ALT-1669,ENT-006,Central Metro Rail,Outdated Endpoint Antivirus Signature,Endpoint Compliance,Low,CMR-TRAIN-DISPATCH-ATS,Closed,2026-09-26 00:45:52,2026-09-26 01:41:05,55.2,No,SOC-OP-17,Investigated parent process ancestry. Confirmed legitimate administrative maintenance script signed by Enterprise IT Certificate #9914.
ALT-1670,ENT-006,Central Metro Rail,DDoS Volumetric Spike on External Gateway,Perimeter,High,CMR-POWER-SCADA-RTU-2,Escalated,2026-09-16 04:13:27,,0.0,Yes,SOC-OP-16,In progress by analyst on shift
ALT-1671,ENT-006,Central Metro Rail,PowerShell Script Executed with Encoded Command,Endpoint,High,CMR-TRAIN-DISPATCH-ATS,Escalated,2026-08-31 20:23:24,,0.0,Yes,SOC-OP-12,In progress by analyst on shift
ALT-1672,ENT-006,Central Metro Rail,New Service Creation via PsExec,Endpoint,Medium,CMR-CBTC-SIGNAL-SRV-1,Closed,2026-09-04 00:42:29,2026-09-04 01:21:58,39.5,No,SOC-OP-15,Checked and safe
ALT-1673,ENT-006,Central Metro Rail,Excessive DNS Queries for DGA Domains,Network,Medium,CMR-TRAIN-DISPATCH-ATS,Closed,2026-09-01 20:48:16,2026-09-01 21:08:23,20.1,No,SOC-OP-19,N/A
ALT-1674,ENT-006,Central Metro Rail,Unusual Outbound C2 Traffic to Bulletproof Host,Network,Critical,CMR-CBTC-SIGNAL-SRV-1,Investigating,2026-09-21 14:28:42,,0.0,No,SOC-OP-25,In progress by analyst on shift
ALT-1675,ENT-006,Central Metro Rail,Multiple Failed Logins Followed by Successful Admin Access,Authentication,Critical,CMR-POWER-SCADA-RTU-2,Escalated,2026-09-24 21:46:05,,0.0,Yes,SOC-OP-18,In progress by analyst on shift
ALT-1676,ENT-006,Central Metro Rail,Unusual Outbound C2 Traffic to Bulletproof Host,Network,Critical,CMR-CBTC-SIGNAL-SRV-1,Closed,2026-09-21 23:24:34,2026-09-21 23:29:25,4.8,No,SOC-OP-25,N/A
ALT-1677,ENT-006,Central Metro Rail,Certificate Expiration Warning on TLS Gateway,Configuration,Low,CMR-POWER-SCADA-RTU-2,Closed,2026-09-19 05:46:37,2026-09-19 06:16:11,29.6,No,SOC-OP-23,"Alert triaged. Observed multiple TLS handshakes from internal host to external TOR exit node. Host isolated from corporate network via EDR, forensic memory image collected, escalated to Tier 2 Incident Response."
ALT-1678,ENT-006,Central Metro Rail,SWIFT Transaction Queue Tamper Event,Financial Core,Critical,CMR-TRAIN-DISPATCH-ATS,Closed,2026-09-22 08:00:32,2026-09-22 08:08:57,8.4,No,SOC-OP-17,--
ALT-1679,ENT-006,Central Metro Rail,New Service Creation via PsExec,Endpoint,Medium,CMR-POWER-SCADA-RTU-2,Closed,2026-09-24 11:50:06,2026-09-24 12:05:58,15.9,No,SOC-OP-23,Verified against change management ticket CHG-88219. Database schema update was authorized by DBA team during approved maintenance window.
ALT-1680,ENT-006,Central Metro Rail,SCADA Telemetry Protocol Disruption,ICS/SCADA,Critical,CMR-FARE-COLLECT-BACKEND,Closed,2026-09-02 18:48:44,2026-09-02 19:03:53,15.1,No,SOC-OP-18,False positive
ALT-1681,ENT-006,Central Metro Rail,DDoS Volumetric Spike on External Gateway,Perimeter,High,CMR-CBTC-SIGNAL-SRV-1,Closed,2026-09-16 20:34:46,2026-09-17 01:08:53,274.1,No,SOC-OP-24,Investigated parent process ancestry. Confirmed legitimate administrative maintenance script signed by Enterprise IT Certificate #9914.
ALT-1682,ENT-006,Central Metro Rail,SCADA Telemetry Protocol Disruption,ICS/SCADA,Critical,CMR-POWER-SCADA-RTU-2,Closed,2026-09-04 15:52:07,2026-09-04 16:04:25,12.3,No,SOC-OP-21,Closed per shift lead
ALT-1683,ENT-006,Central Metro Rail,SWIFT Transaction Queue Tamper Event,Financial Core,Critical,CMR-POWER-SCADA-RTU-2,Closed,2026-09-26 20:35:20,2026-09-27 02:18:59,343.6,No,SOC-OP-17,Verified against change management ticket CHG-88219. Database schema update was authorized by DBA team during approved maintenance window.
ALT-1684,ENT-006,Central Metro Rail,PowerShell Script Executed with Encoded Command,Endpoint,High,CMR-TRAIN-DISPATCH-ATS,Escalated,2026-09-23 00:12:24,,0.0,Yes,SOC-OP-17,In progress by analyst on shift
ALT-1685,ENT-006,Central Metro Rail,Multiple Failed Logins Followed by Successful Admin Access,Authentication,High,CMR-CBTC-SIGNAL-SRV-1,Escalated,2026-09-09 01:05:00,,0.0,Yes,SOC-OP-19,In progress by analyst on shift
ALT-1686,ENT-006,Central Metro Rail,Outdated Endpoint Antivirus Signature,Endpoint Compliance,Low,CMR-TRAIN-DISPATCH-ATS,Escalated,2026-09-03 23:58:55,,0.0,Yes,SOC-OP-22,In progress by analyst on shift
ALT-1687,ENT-006,Central Metro Rail,Multiple Failed Logins Followed by Successful Admin Access,Authentication,High,CMR-TRAIN-DISPATCH-ATS,Escalated,2026-09-29 03:59:21,,0.0,Yes,SOC-OP-15,In progress by analyst on shift
ALT-1688,ENT-006,Central Metro Rail,Certificate Expiration Warning on TLS Gateway,Configuration,Low,CMR-POWER-SCADA-RTU-2,Closed,2026-09-16 05:24:20,2026-09-16 06:10:26,46.1,No,SOC-OP-11,Known scanner activity
ALT-1689,ENT-006,Central Metro Rail,SCADA Telemetry Protocol Disruption,ICS/SCADA,Critical,CMR-FARE-COLLECT-BACKEND,Closed,2026-09-19 06:33:38,2026-09-19 06:49:15,15.6,No,SOC-OP-22,Ok
ALT-1690,ENT-006,Central Metro Rail,Unusual Outbound C2 Traffic to Bulletproof Host,Network,Critical,CMR-POWER-SCADA-RTU-2,Closed,2026-09-21 08:08:13,2026-09-21 10:41:10,152.9,No,SOC-OP-11,Source IP traced to authorized vulnerability scanner subnet running scheduled monthly credentialed scan. Host logs match Nessus user-agent profile.
ALT-1691,ENT-006,Central Metro Rail,User Account Password Changed During Off-Hours,Identity,Low,CMR-TRAIN-DISPATCH-ATS,Closed,2026-09-01 11:47:17,2026-09-01 12:18:22,31.1,No,SOC-OP-25,Analyst reviewed PCAP and verified destination IP is an authorized NTP server. No secondary beaconing observed. Endpoint EDR host isolation not required.
ALT-1692,ENT-006,Central Metro Rail,Certificate Expiration Warning on TLS Gateway,Configuration,Low,CMR-POWER-SCADA-RTU-2,Closed,2026-09-07 16:59:38,2026-09-07 18:04:38,65.0,No,SOC-OP-14,Duplicate alert
ALT-1693,ENT-006,Central Metro Rail,New Service Creation via PsExec,Endpoint,Medium,CMR-FARE-COLLECT-BACKEND,Closed,2026-09-10 09:05:16,2026-09-10 10:19:20,74.1,No,SOC-OP-13,Known scanner activity
ALT-1694,ENT-006,Central Metro Rail,Outdated Endpoint Antivirus Signature,Endpoint Compliance,Low,CMR-FARE-COLLECT-BACKEND,Closed,2026-09-09 08:21:29,2026-09-09 09:32:45,71.3,No,SOC-OP-23,Closed per shift lead
ALT-1695,ENT-006,Central Metro Rail,SCADA Telemetry Protocol Disruption,ICS/SCADA,Critical,CMR-FARE-COLLECT-BACKEND,Escalated,2026-09-03 12:28:58,,0.0,Yes,SOC-OP-15,In progress by analyst on shift
ALT-1696,ENT-006,Central Metro Rail,Unusual Outbound C2 Traffic to Bulletproof Host,Network,Critical,CMR-FARE-COLLECT-BACKEND,Closed,2026-09-14 22:17:12,2026-09-14 22:26:42,9.5,No,SOC-OP-24,False positive
ALT-1697,ENT-006,Central Metro Rail,Outdated Endpoint Antivirus Signature,Endpoint Compliance,Low,CMR-POWER-SCADA-RTU-2,Closed,2026-09-22 15:15:24,2026-09-22 16:05:26,50.0,No,SOC-OP-15,Verified against change management ticket CHG-88219. Database schema update was authorized by DBA team during approved maintenance window.
ALT-1698,ENT-006,Central Metro Rail,DDoS Volumetric Spike on External Gateway,Perimeter,High,CMR-CBTC-SIGNAL-SRV-1,Closed,2026-09-28 14:32:20,2026-09-28 16:46:37,134.3,Yes,SOC-OP-21,Investigated parent process ancestry. Confirmed legitimate administrative maintenance script signed by Enterprise IT Certificate #9914.
ALT-1699,ENT-006,Central Metro Rail,Excessive DNS Queries for DGA Domains,Network,Medium,CMR-POWER-SCADA-RTU-2,Investigating,2026-09-03 20:27:17,,0.0,No,SOC-OP-12,In progress by analyst on shift
ALT-1700,ENT-006,Central Metro Rail,Unusual Outbound C2 Traffic to Bulletproof Host,Network,Critical,CMR-POWER-SCADA-RTU-2,Closed,2026-09-23 21:25:31,2026-09-24 01:27:06,241.6,No,SOC-OP-23,Verified against change management ticket CHG-88219. Database schema update was authorized by DBA team during approved maintenance window.
ALT-1701,ENT-006,Central Metro Rail,Port Scanning from Substation Segment,Network,High,CMR-CBTC-SIGNAL-SRV-1,Investigating,2026-09-17 08:33:33,,0.0,No,SOC-OP-12,In progress by analyst on shift
ALT-1702,ENT-006,Central Metro Rail,Air Traffic Primary Radar Feed Desync,Aviation Sensor,Critical,CMR-FARE-COLLECT-BACKEND,Investigating,2026-09-23 09:28:03,,0.0,Yes,SOC-OP-16,In progress by analyst on shift
ALT-1703,ENT-006,Central Metro Rail,SWIFT Transaction Queue Tamper Event,Financial Core,Critical,CMR-TRAIN-DISPATCH-ATS,Closed,2026-09-24 15:36:22,2026-09-24 19:56:47,260.4,Yes,SOC-OP-20,Analyst reviewed PCAP and verified destination IP is an authorized NTP server. No secondary beaconing observed. Endpoint EDR host isolation not required.
ALT-1704,ENT-006,Central Metro Rail,SWIFT Transaction Queue Tamper Event,Financial Core,Critical,CMR-CBTC-SIGNAL-SRV-1,Investigating,2026-09-07 23:58:41,,0.0,No,SOC-OP-24,In progress by analyst on shift
ALT-1705,ENT-006,Central Metro Rail,New Service Creation via PsExec,Endpoint,Medium,CMR-POWER-SCADA-RTU-2,Closed,2026-09-29 09:33:50,2026-09-29 10:54:10,80.3,No,SOC-OP-24,Resolved
ALT-1706,ENT-006,Central Metro Rail,User Account Password Changed During Off-Hours,Identity,Low,CMR-TRAIN-DISPATCH-ATS,Closed,2026-09-28 22:01:19,2026-09-28 22:41:44,40.4,No,SOC-OP-11,--
ALT-1707,ENT-006,Central Metro Rail,New Service Creation via PsExec,Endpoint,Medium,CMR-FARE-COLLECT-BACKEND,Closed,2026-09-28 12:12:38,2026-09-28 12:26:20,13.7,No,SOC-OP-15,Resolved
ALT-1708,ENT-006,Central Metro Rail,Air Traffic Primary Radar Feed Desync,Aviation Sensor,Critical,CMR-FARE-COLLECT-BACKEND,Investigating,2026-09-28 02:48:26,,0.0,No,SOC-OP-19,In progress by analyst on shift
ALT-1709,ENT-006,Central Metro Rail,Air Traffic Primary Radar Feed Desync,Aviation Sensor,Critical,CMR-TRAIN-DISPATCH-ATS,Closed,2026-09-28 01:37:07,2026-09-28 01:51:35,14.5,No,SOC-OP-22,--
ALT-1710,ENT-006,Central Metro Rail,Outdated Endpoint Antivirus Signature,Endpoint Compliance,Critical,CMR-CBTC-SIGNAL-SRV-1,Closed,2026-09-29 04:25:13,2026-09-29 04:29:10,3.9,No,SOC-OP-22,Known scanner activity
ALT-1711,ENT-006,Central Metro Rail,Privilege Escalation on Domain Controller,Authentication,Critical,CMR-CBTC-SIGNAL-SRV-1,Investigating,2026-09-17 01:42:26,,0.0,No,SOC-OP-17,In progress by analyst on shift
ALT-1712,ENT-006,Central Metro Rail,SCADA Telemetry Protocol Disruption,ICS/SCADA,Critical,CMR-FARE-COLLECT-BACKEND,Closed,2026-09-22 13:37:23,2026-09-22 13:41:00,3.6,No,SOC-OP-19,False positive
ALT-1713,ENT-006,Central Metro Rail,Privilege Escalation on Domain Controller,Authentication,Critical,CMR-POWER-SCADA-RTU-2,Closed,2026-09-21 20:44:46,2026-09-21 22:30:40,105.9,No,SOC-OP-10,Investigated parent process ancestry. Confirmed legitimate administrative maintenance script signed by Enterprise IT Certificate #9914.
ALT-1714,ENT-006,Central Metro Rail,Excessive DNS Queries for DGA Domains,Network,Medium,CMR-FARE-COLLECT-BACKEND,Investigating,2026-09-26 00:03:17,,0.0,No,SOC-OP-13,In progress by analyst on shift
ALT-1715,ENT-006,Central Metro Rail,Unusual Outbound C2 Traffic to Bulletproof Host,Network,Critical,CMR-CBTC-SIGNAL-SRV-1,Investigating,2026-09-05 09:25:18,,0.0,No,SOC-OP-19,In progress by analyst on shift
ALT-1716,ENT-006,Central Metro Rail,Air Traffic Primary Radar Feed Desync,Aviation Sensor,Critical,CMR-FARE-COLLECT-BACKEND,Escalated,2026-09-03 09:02:22,,0.0,Yes,SOC-OP-11,In progress by analyst on shift
ALT-1717,ENT-006,Central Metro Rail,Port Scanning from Substation Segment,Network,High,CMR-FARE-COLLECT-BACKEND,Closed,2026-09-04 22:55:46,2026-09-05 00:54:51,119.1,No,SOC-OP-14,Investigated parent process ancestry. Confirmed legitimate administrative maintenance script signed by Enterprise IT Certificate #9914.
ALT-1718,ENT-006,Central Metro Rail,Privilege Escalation on Domain Controller,Authentication,Critical,CMR-FARE-COLLECT-BACKEND,Closed,2026-09-13 09:49:54,2026-09-13 09:57:42,7.8,No,SOC-OP-21,False positive
ALT-1719,ENT-006,Central Metro Rail,Port Scanning from Substation Segment,Network,High,CMR-POWER-SCADA-RTU-2,Closed,2026-09-18 09:30:16,2026-09-18 15:04:43,334.4,Yes,SOC-OP-15,Verified against change management ticket CHG-88219. Database schema update was authorized by DBA team during approved maintenance window.
ALT-1720,ENT-006,Central Metro Rail,Privilege Escalation on Domain Controller,Authentication,Critical,CMR-POWER-SCADA-RTU-2,Closed,2026-09-19 19:50:28,2026-09-19 21:15:13,84.7,No,SOC-OP-22,"Alert triaged. Observed multiple TLS handshakes from internal host to external TOR exit node. Host isolated from corporate network via EDR, forensic memory image collected, escalated to Tier 2 Incident Response."
ALT-1721,ENT-007,National Highway Authority,PowerShell Script Executed with Encoded Command,Endpoint,High,NHA-TOLL-PLAZA-HUB-04,Escalated,2026-08-31 09:40:22,,0.0,Yes,SOC-OP-16,In progress by analyst on shift
ALT-1722,ENT-007,National Highway Authority,Certificate Expiration Warning on TLS Gateway,Configuration,Low,NHA-VMS-SIGNAGE-CONTROLLER,Closed,2026-09-25 13:12:54,2026-09-25 13:44:44,31.8,No,SOC-OP-13,"Alert triaged. Observed multiple TLS handshakes from internal host to external TOR exit node. Host isolated from corporate network via EDR, forensic memory image collected, escalated to Tier 2 Incident Response."
ALT-1723,ENT-007,National Highway Authority,Privilege Escalation on Domain Controller,Authentication,Critical,NHA-TOLL-PLAZA-HUB-04,Escalated,2026-09-15 06:40:33,,0.0,Yes,SOC-OP-19,In progress by analyst on shift
ALT-1724,ENT-007,National Highway Authority,Privilege Escalation on Domain Controller,Authentication,Critical,NHA-TOLL-PLAZA-HUB-04,Closed,2026-09-07 16:33:31,2026-09-07 19:33:05,179.6,Yes,SOC-OP-11,Analyst reviewed PCAP and verified destination IP is an authorized NTP server. No secondary beaconing observed. Endpoint EDR host isolation not required.
ALT-1725,ENT-007,National Highway Authority,New Service Creation via PsExec,Endpoint,Medium,NHA-WEIGH-MOTION-GW,Investigating,2026-09-14 07:02:22,,0.0,No,SOC-OP-25,In progress by analyst on shift
ALT-1726,ENT-007,National Highway Authority,DDoS Volumetric Spike on External Gateway,Perimeter,High,NHA-WEIGH-MOTION-GW,Closed,2026-09-24 08:07:32,2026-09-24 11:05:41,178.1,No,SOC-OP-21,Source IP traced to authorized vulnerability scanner subnet running scheduled monthly credentialed scan. Host logs match Nessus user-agent profile.
ALT-1727,ENT-007,National Highway Authority,Unusual Outbound C2 Traffic to Bulletproof Host,Network,Critical,NHA-TOLL-PLAZA-HUB-04,Closed,2026-09-25 01:04:33,2026-09-25 04:11:30,186.9,No,SOC-OP-24,Investigated parent process ancestry. Confirmed legitimate administrative maintenance script signed by Enterprise IT Certificate #9914.
ALT-1728,ENT-007,National Highway Authority,DDoS Volumetric Spike on External Gateway,Perimeter,Critical,NHA-ETC-FASTAG-HSM-1,Closed,2026-09-21 08:06:02,2026-09-21 08:53:05,47.0,Yes,SOC-OP-22,Analyst reviewed PCAP and verified destination IP is an authorized NTP server. No secondary beaconing observed. Endpoint EDR host isolation not required.
ALT-1729,ENT-007,National Highway Authority,Unauthorized Registry Modification on SCADA HMI,Endpoint,High,NHA-TOLL-PLAZA-HUB-04,Closed,2026-09-08 19:41:34,2026-09-08 20:54:43,73.1,No,SOC-OP-22,Verified against change management ticket CHG-88219. Database schema update was authorized by DBA team during approved maintenance window.
ALT-1730,ENT-007,National Highway Authority,Air Traffic Primary Radar Feed Desync,Aviation Sensor,Critical,NHA-VMS-SIGNAGE-CONTROLLER,Closed,2026-09-01 21:53:44,2026-09-02 01:17:53,204.1,Yes,SOC-OP-12,"Alert triaged. Observed multiple TLS handshakes from internal host to external TOR exit node. Host isolated from corporate network via EDR, forensic memory image collected, escalated to Tier 2 Incident Response."
ALT-1731,ENT-007,National Highway Authority,Multiple Failed Logins Followed by Successful Admin Access,Authentication,High,NHA-WEIGH-MOTION-GW,Closed,2026-09-15 04:46:31,2026-09-15 07:04:18,137.8,No,SOC-OP-17,Analyst reviewed PCAP and verified destination IP is an authorized NTP server. No secondary beaconing observed. Endpoint EDR host isolation not required.
ALT-1732,ENT-007,National Highway Authority,Outdated Endpoint Antivirus Signature,Endpoint Compliance,Low,NHA-ETC-FASTAG-HSM-1,Investigating,2026-09-13 17:34:46,,0.0,No,SOC-OP-10,In progress by analyst on shift
ALT-1733,ENT-007,National Highway Authority,Unauthorized Registry Modification on SCADA HMI,Endpoint,High,NHA-ETC-FASTAG-HSM-1,Escalated,2026-09-01 05:25:56,,0.0,Yes,SOC-OP-11,In progress by analyst on shift
ALT-1734,ENT-007,National Highway Authority,SWIFT Transaction Queue Tamper Event,Financial Core,Critical,NHA-ETC-FASTAG-HSM-1,Investigating,2026-09-10 09:33:01,,0.0,Yes,SOC-OP-12,In progress by analyst on shift
ALT-1735,ENT-007,National Highway Authority,Excessive DNS Queries for DGA Domains,Network,Medium,NHA-TOLL-PLAZA-HUB-04,Escalated,2026-09-05 14:14:32,,0.0,Yes,SOC-OP-19,In progress by analyst on shift
ALT-1736,ENT-007,National Highway Authority,Multiple Failed Logins Followed by Successful Admin Access,Authentication,High,NHA-WEIGH-MOTION-GW,Escalated,2026-08-31 08:53:37,,0.0,Yes,SOC-OP-24,In progress by analyst on shift
ALT-1737,ENT-007,National Highway Authority,New Service Creation via PsExec,Endpoint,Critical,NHA-VMS-SIGNAGE-CONTROLLER,Escalated,2026-09-12 00:04:36,,0.0,Yes,SOC-OP-23,In progress by analyst on shift
ALT-1738,ENT-007,National Highway Authority,Unauthorized Registry Modification on SCADA HMI,Endpoint,High,NHA-TOLL-PLAZA-HUB-04,Closed,2026-09-10 16:38:49,2026-09-10 18:58:16,139.4,No,SOC-OP-15,Source IP traced to authorized vulnerability scanner subnet running scheduled monthly credentialed scan. Host logs match Nessus user-agent profile.
ALT-1739,ENT-007,National Highway Authority,Unauthorized Registry Modification on SCADA HMI,Endpoint,High,NHA-TOLL-PLAZA-HUB-04,Closed,2026-08-30 23:16:43,2026-08-31 00:36:16,79.5,No,SOC-OP-12,Analyst reviewed PCAP and verified destination IP is an authorized NTP server. No secondary beaconing observed. Endpoint EDR host isolation not required.
ALT-1740,ENT-007,National Highway Authority,New Service Creation via PsExec,Endpoint,Critical,NHA-WEIGH-MOTION-GW,Closed,2026-09-10 09:42:17,2026-09-10 13:26:14,223.9,No,SOC-OP-12,Investigated parent process ancestry. Confirmed legitimate administrative maintenance script signed by Enterprise IT Certificate #9914.
ALT-1741,ENT-007,National Highway Authority,Certificate Expiration Warning on TLS Gateway,Configuration,Low,NHA-WEIGH-MOTION-GW,Closed,2026-09-06 03:25:56,2026-09-06 03:53:20,27.4,No,SOC-OP-24,Checked and safe
ALT-1742,ENT-007,National Highway Authority,Unusual Outbound C2 Traffic to Bulletproof Host,Network,Critical,NHA-ETC-FASTAG-HSM-1,Escalated,2026-09-04 04:37:08,,0.0,Yes,SOC-OP-24,In progress by analyst on shift
ALT-1743,ENT-007,National Highway Authority,Multiple Failed Logins Followed by Successful Admin Access,Authentication,Critical,NHA-ETC-FASTAG-HSM-1,Escalated,2026-09-14 07:32:17,,0.0,Yes,SOC-OP-20,In progress by analyst on shift
ALT-1744,ENT-007,National Highway Authority,PowerShell Script Executed with Encoded Command,Endpoint,High,NHA-TOLL-PLAZA-HUB-04,Escalated,2026-09-03 09:51:41,,0.0,Yes,SOC-OP-14,In progress by analyst on shift
ALT-1745,ENT-007,National Highway Authority,SWIFT Transaction Queue Tamper Event,Financial Core,Critical,NHA-WEIGH-MOTION-GW,Closed,2026-08-31 22:26:57,2026-08-31 23:42:43,75.8,Yes,SOC-OP-21,Analyst reviewed PCAP and verified destination IP is an authorized NTP server. No secondary beaconing observed. Endpoint EDR host isolation not required.
ALT-1746,ENT-007,National Highway Authority,Certificate Expiration Warning on TLS Gateway,Configuration,Low,NHA-WEIGH-MOTION-GW,Closed,2026-09-01 18:33:43,2026-09-01 19:19:32,45.8,No,SOC-OP-10,Duplicate alert
ALT-1747,ENT-007,National Highway Authority,DDoS Volumetric Spike on External Gateway,Perimeter,High,NHA-TOLL-PLAZA-HUB-04,Closed,2026-09-27 05:54:39,2026-09-27 08:15:09,140.5,No,SOC-OP-18,Verified against change management ticket CHG-88219. Database schema update was authorized by DBA team during approved maintenance window.
ALT-1748,ENT-007,National Highway Authority,Air Traffic Primary Radar Feed Desync,Aviation Sensor,Critical,NHA-WEIGH-MOTION-GW,Closed,2026-09-02 15:49:52,2026-09-02 17:52:12,122.3,Yes,SOC-OP-15,Analyst reviewed PCAP and verified destination IP is an authorized NTP server. No secondary beaconing observed. Endpoint EDR host isolation not required.
ALT-1749,ENT-007,National Highway Authority,Certificate Expiration Warning on TLS Gateway,Configuration,Low,NHA-WEIGH-MOTION-GW,Closed,2026-09-16 17:01:31,2026-09-16 17:12:41,11.2,No,SOC-OP-15,Source IP traced to authorized vulnerability scanner subnet running scheduled monthly credentialed scan. Host logs match Nessus user-agent profile.
ALT-1750,ENT-007,National Highway Authority,Excessive DNS Queries for DGA Domains,Network,Medium,NHA-WEIGH-MOTION-GW,Investigating,2026-09-14 18:24:55,,0.0,No,SOC-OP-25,In progress by analyst on shift
ALT-1751,ENT-007,National Highway Authority,Outdated Endpoint Antivirus Signature,Endpoint Compliance,Low,NHA-ETC-FASTAG-HSM-1,Closed,2026-09-24 20:27:47,2026-09-24 21:23:56,56.1,No,SOC-OP-19,--
ALT-1752,ENT-007,National Highway Authority,PowerShell Script Executed with Encoded Command,Endpoint,Critical,NHA-VMS-SIGNAGE-CONTROLLER,Closed,2026-09-06 15:12:12,2026-09-06 17:53:07,160.9,No,SOC-OP-16,Verified against change management ticket CHG-88219. Database schema update was authorized by DBA team during approved maintenance window.
ALT-1753,ENT-007,National Highway Authority,Outdated Endpoint Antivirus Signature,Endpoint Compliance,Low,NHA-TOLL-PLAZA-HUB-04,Closed,2026-09-10 00:11:57,2026-09-10 00:40:40,28.7,No,SOC-OP-21,False positive
ALT-1754,ENT-007,National Highway Authority,Unusual Outbound C2 Traffic to Bulletproof Host,Network,Critical,NHA-WEIGH-MOTION-GW,Closed,2026-09-16 20:48:00,2026-09-16 22:34:02,106.0,No,SOC-OP-22,Source IP traced to authorized vulnerability scanner subnet running scheduled monthly credentialed scan. Host logs match Nessus user-agent profile.
ALT-1755,ENT-007,National Highway Authority,Unusual Outbound C2 Traffic to Bulletproof Host,Network,Critical,NHA-VMS-SIGNAGE-CONTROLLER,Closed,2026-09-22 20:45:34,2026-09-22 21:33:32,48.0,Yes,SOC-OP-21,Source IP traced to authorized vulnerability scanner subnet running scheduled monthly credentialed scan. Host logs match Nessus user-agent profile.
ALT-1756,ENT-007,National Highway Authority,Outdated Endpoint Antivirus Signature,Endpoint Compliance,Low,NHA-TOLL-PLAZA-HUB-04,Closed,2026-09-16 10:23:26,2026-09-16 11:22:51,59.4,No,SOC-OP-19,N/A
ALT-1757,ENT-007,National Highway Authority,Outdated Endpoint Antivirus Signature,Endpoint Compliance,Low,NHA-WEIGH-MOTION-GW,Investigating,2026-08-30 15:51:10,,0.0,No,SOC-OP-13,In progress by analyst on shift
ALT-1758,ENT-007,National Highway Authority,Unusual Outbound C2 Traffic to Bulletproof Host,Network,Critical,NHA-WEIGH-MOTION-GW,Escalated,2026-09-03 10:36:15,,0.0,Yes,SOC-OP-16,In progress by analyst on shift
ALT-1759,ENT-007,National Highway Authority,Outdated Endpoint Antivirus Signature,Endpoint Compliance,Low,NHA-VMS-SIGNAGE-CONTROLLER,Closed,2026-09-15 17:53:11,2026-09-15 18:35:44,42.5,No,SOC-OP-19,Analyst reviewed PCAP and verified destination IP is an authorized NTP server. No secondary beaconing observed. Endpoint EDR host isolation not required.
ALT-1760,ENT-007,National Highway Authority,DDoS Volumetric Spike on External Gateway,Perimeter,High,NHA-TOLL-PLAZA-HUB-04,Closed,2026-09-08 21:25:51,2026-09-08 22:12:05,46.2,No,SOC-OP-21,Source IP traced to authorized vulnerability scanner subnet running scheduled monthly credentialed scan. Host logs match Nessus user-agent profile.
ALT-1761,ENT-007,National Highway Authority,Multiple Failed Logins Followed by Successful Admin Access,Authentication,High,NHA-WEIGH-MOTION-GW,Closed,2026-09-07 01:21:55,2026-09-07 03:07:48,105.9,No,SOC-OP-22,Verified against change management ticket CHG-88219. Database schema update was authorized by DBA team during approved maintenance window.
ALT-1762,ENT-007,National Highway Authority,Unusual Outbound C2 Traffic to Bulletproof Host,Network,Critical,NHA-WEIGH-MOTION-GW,Investigating,2026-09-16 01:26:14,,0.0,No,SOC-OP-20,In progress by analyst on shift
ALT-1763,ENT-007,National Highway Authority,DDoS Volumetric Spike on External Gateway,Perimeter,High,NHA-ETC-FASTAG-HSM-1,Closed,2026-09-01 05:03:07,2026-09-01 06:58:53,115.8,No,SOC-OP-21,Verified against change management ticket CHG-88219. Database schema update was authorized by DBA team during approved maintenance window.
ALT-1764,ENT-007,National Highway Authority,Unusual Outbound C2 Traffic to Bulletproof Host,Network,Critical,NHA-TOLL-PLAZA-HUB-04,Escalated,2026-09-15 06:12:40,,0.0,Yes,SOC-OP-16,In progress by analyst on shift
ALT-1765,ENT-007,National Highway Authority,PowerShell Script Executed with Encoded Command,Endpoint,High,NHA-TOLL-PLAZA-HUB-04,Closed,2026-09-26 19:16:09,2026-09-26 21:45:17,149.1,No,SOC-OP-19,Source IP traced to authorized vulnerability scanner subnet running scheduled monthly credentialed scan. Host logs match Nessus user-agent profile.
ALT-1766,ENT-007,National Highway Authority,SWIFT Transaction Queue Tamper Event,Financial Core,Critical,NHA-TOLL-PLAZA-HUB-04,Escalated,2026-09-06 03:45:54,,0.0,Yes,SOC-OP-16,In progress by analyst on shift
ALT-1767,ENT-007,National Highway Authority,SWIFT Transaction Queue Tamper Event,Financial Core,Critical,NHA-VMS-SIGNAGE-CONTROLLER,Escalated,2026-09-24 15:32:26,,0.0,Yes,SOC-OP-24,In progress by analyst on shift
ALT-1768,ENT-007,National Highway Authority,PowerShell Script Executed with Encoded Command,Endpoint,High,NHA-VMS-SIGNAGE-CONTROLLER,Escalated,2026-09-24 04:32:12,,0.0,Yes,SOC-OP-22,In progress by analyst on shift
ALT-1769,ENT-007,National Highway Authority,Excessive DNS Queries for DGA Domains,Network,Medium,NHA-WEIGH-MOTION-GW,Closed,2026-09-04 05:31:38,2026-09-04 05:49:17,17.6,No,SOC-OP-21,Verified against change management ticket CHG-88219. Database schema update was authorized by DBA team during approved maintenance window.
ALT-1770,ENT-007,National Highway Authority,Excessive DNS Queries for DGA Domains,Network,Medium,NHA-VMS-SIGNAGE-CONTROLLER,Escalated,2026-09-20 16:32:45,,0.0,Yes,SOC-OP-20,In progress by analyst on shift
ALT-1771,ENT-007,National Highway Authority,Excessive DNS Queries for DGA Domains,Network,Medium,NHA-TOLL-PLAZA-HUB-04,Closed,2026-09-18 14:31:09,2026-09-18 15:46:17,75.1,No,SOC-OP-21,Source IP traced to authorized vulnerability scanner subnet running scheduled monthly credentialed scan. Host logs match Nessus user-agent profile.
ALT-1772,ENT-007,National Highway Authority,PowerShell Script Executed with Encoded Command,Endpoint,High,NHA-WEIGH-MOTION-GW,Closed,2026-09-17 14:20:25,2026-09-17 16:34:57,134.5,No,SOC-OP-18,Verified against change management ticket CHG-88219. Database schema update was authorized by DBA team during approved maintenance window.
ALT-1773,ENT-007,National Highway Authority,Unauthorized Registry Modification on SCADA HMI,Endpoint,High,NHA-TOLL-PLAZA-HUB-04,Closed,2026-09-16 18:24:54,2026-09-16 19:12:09,47.2,No,SOC-OP-14,Source IP traced to authorized vulnerability scanner subnet running scheduled monthly credentialed scan. Host logs match Nessus user-agent profile.
ALT-1774,ENT-007,National Highway Authority,Unauthorized Registry Modification on SCADA HMI,Endpoint,High,NHA-ETC-FASTAG-HSM-1,Closed,2026-09-14 16:56:26,2026-09-14 19:13:54,137.5,No,SOC-OP-24,Source IP traced to authorized vulnerability scanner subnet running scheduled monthly credentialed scan. Host logs match Nessus user-agent profile.
ALT-1775,ENT-007,National Highway Authority,Outdated Endpoint Antivirus Signature,Endpoint Compliance,Low,NHA-WEIGH-MOTION-GW,Escalated,2026-09-12 00:51:17,,0.0,Yes,SOC-OP-21,In progress by analyst on shift
ALT-1776,ENT-007,National Highway Authority,Outdated Endpoint Antivirus Signature,Endpoint Compliance,Low,NHA-TOLL-PLAZA-HUB-04,Escalated,2026-09-17 15:01:27,,0.0,Yes,SOC-OP-18,In progress by analyst on shift
ALT-1777,ENT-007,National Highway Authority,Privilege Escalation on Domain Controller,Authentication,Critical,NHA-ETC-FASTAG-HSM-1,Closed,2026-09-18 08:19:58,2026-09-18 09:30:27,70.5,Yes,SOC-OP-20,Analyst reviewed PCAP and verified destination IP is an authorized NTP server. No secondary beaconing observed. Endpoint EDR host isolation not required.
ALT-1778,ENT-007,National Highway Authority,SWIFT Transaction Queue Tamper Event,Financial Core,Critical,NHA-WEIGH-MOTION-GW,Closed,2026-09-04 14:19:56,2026-09-04 17:24:43,184.8,No,SOC-OP-16,Source IP traced to authorized vulnerability scanner subnet running scheduled monthly credentialed scan. Host logs match Nessus user-agent profile.
ALT-1779,ENT-007,National Highway Authority,Privilege Escalation on Domain Controller,Authentication,Critical,NHA-TOLL-PLAZA-HUB-04,Closed,2026-09-08 10:34:10,2026-09-08 11:52:51,78.7,No,SOC-OP-13,Investigated parent process ancestry. Confirmed legitimate administrative maintenance script signed by Enterprise IT Certificate #9914.
ALT-1780,ENT-007,National Highway Authority,PowerShell Script Executed with Encoded Command,Endpoint,High,NHA-WEIGH-MOTION-GW,Closed,2026-09-22 18:58:06,2026-09-22 21:07:12,129.1,No,SOC-OP-20,Analyst reviewed PCAP and verified destination IP is an authorized NTP server. No secondary beaconing observed. Endpoint EDR host isolation not required.
ALT-1781,ENT-007,National Highway Authority,User Account Password Changed During Off-Hours,Identity,Critical,NHA-VMS-SIGNAGE-CONTROLLER,Closed,2026-09-06 23:35:31,2026-09-07 01:26:53,111.4,Yes,SOC-OP-14,"Alert triaged. Observed multiple TLS handshakes from internal host to external TOR exit node. Host isolated from corporate network via EDR, forensic memory image collected, escalated to Tier 2 Incident Response."
ALT-1782,ENT-007,National Highway Authority,SWIFT Transaction Queue Tamper Event,Financial Core,Critical,NHA-VMS-SIGNAGE-CONTROLLER,Closed,2026-09-19 14:00:30,2026-09-19 17:09:01,188.5,Yes,SOC-OP-15,Source IP traced to authorized vulnerability scanner subnet running scheduled monthly credentialed scan. Host logs match Nessus user-agent profile.
ALT-1783,ENT-007,National Highway Authority,Unusual Outbound C2 Traffic to Bulletproof Host,Network,Critical,NHA-TOLL-PLAZA-HUB-04,Investigating,2026-09-10 05:30:48,,0.0,No,SOC-OP-10,In progress by analyst on shift
ALT-1784,ENT-007,National Highway Authority,Port Scanning from Substation Segment,Network,High,NHA-WEIGH-MOTION-GW,Closed,2026-09-17 17:43:01,2026-09-17 18:45:33,62.5,No,SOC-OP-21,Verified against change management ticket CHG-88219. Database schema update was authorized by DBA team during approved maintenance window.
ALT-1785,ENT-007,National Highway Authority,Port Scanning from Substation Segment,Network,Critical,NHA-WEIGH-MOTION-GW,Closed,2026-09-10 18:10:42,2026-09-10 21:20:32,189.8,No,SOC-OP-15,Investigated parent process ancestry. Confirmed legitimate administrative maintenance script signed by Enterprise IT Certificate #9914.
ALT-1786,ENT-007,National Highway Authority,Excessive DNS Queries for DGA Domains,Network,Medium,NHA-WEIGH-MOTION-GW,Closed,2026-09-15 23:44:24,2026-09-16 01:12:28,88.1,No,SOC-OP-17,No action needed
ALT-1787,ENT-007,National Highway Authority,Port Scanning from Substation Segment,Network,High,NHA-WEIGH-MOTION-GW,Escalated,2026-08-31 09:10:28,,0.0,Yes,SOC-OP-17,In progress by analyst on shift
ALT-1788,ENT-007,National Highway Authority,Unusual Outbound C2 Traffic to Bulletproof Host,Network,Critical,NHA-TOLL-PLAZA-HUB-04,Closed,2026-09-02 20:30:20,2026-09-03 00:09:57,219.6,No,SOC-OP-24,Investigated parent process ancestry. Confirmed legitimate administrative maintenance script signed by Enterprise IT Certificate #9914.
ALT-1789,ENT-007,National Highway Authority,User Account Password Changed During Off-Hours,Identity,Low,NHA-VMS-SIGNAGE-CONTROLLER,Closed,2026-09-01 06:35:06,2026-09-01 07:46:13,71.1,No,SOC-OP-12,Known scanner activity
ALT-1790,ENT-007,National Highway Authority,DDoS Volumetric Spike on External Gateway,Perimeter,High,NHA-WEIGH-MOTION-GW,Closed,2026-09-18 05:19:19,2026-09-18 05:49:58,30.6,No,SOC-OP-17,Investigated parent process ancestry. Confirmed legitimate administrative maintenance script signed by Enterprise IT Certificate #9914.
ALT-1791,ENT-007,National Highway Authority,PowerShell Script Executed with Encoded Command,Endpoint,High,NHA-ETC-FASTAG-HSM-1,Closed,2026-09-07 08:50:12,2026-09-07 10:00:02,69.8,No,SOC-OP-13,Analyst reviewed PCAP and verified destination IP is an authorized NTP server. No secondary beaconing observed. Endpoint EDR host isolation not required.
ALT-1792,ENT-007,National Highway Authority,SCADA Telemetry Protocol Disruption,ICS/SCADA,Critical,NHA-WEIGH-MOTION-GW,Investigating,2026-09-13 07:18:30,,0.0,No,SOC-OP-12,In progress by analyst on shift
ALT-1793,ENT-007,National Highway Authority,Multiple Failed Logins Followed by Successful Admin Access,Authentication,High,NHA-ETC-FASTAG-HSM-1,Closed,2026-09-25 15:24:01,2026-09-25 17:23:43,119.7,No,SOC-OP-24,Source IP traced to authorized vulnerability scanner subnet running scheduled monthly credentialed scan. Host logs match Nessus user-agent profile.
ALT-1794,ENT-007,National Highway Authority,Outdated Endpoint Antivirus Signature,Endpoint Compliance,Critical,NHA-WEIGH-MOTION-GW,Closed,2026-09-09 19:58:45,2026-09-09 20:48:32,49.8,No,SOC-OP-17,Investigated parent process ancestry. Confirmed legitimate administrative maintenance script signed by Enterprise IT Certificate #9914.
ALT-1795,ENT-007,National Highway Authority,SWIFT Transaction Queue Tamper Event,Financial Core,Critical,NHA-WEIGH-MOTION-GW,Escalated,2026-09-03 15:45:29,,0.0,Yes,SOC-OP-22,In progress by analyst on shift
ALT-1796,ENT-007,National Highway Authority,New Service Creation via PsExec,Endpoint,Critical,NHA-ETC-FASTAG-HSM-1,Closed,2026-09-15 19:48:57,2026-09-15 22:33:27,164.5,Yes,SOC-OP-15,Investigated parent process ancestry. Confirmed legitimate administrative maintenance script signed by Enterprise IT Certificate #9914.
ALT-1797,ENT-007,National Highway Authority,Excessive DNS Queries for DGA Domains,Network,Medium,NHA-VMS-SIGNAGE-CONTROLLER,Escalated,2026-09-05 20:10:45,,0.0,Yes,SOC-OP-13,In progress by analyst on shift
ALT-1798,ENT-007,National Highway Authority,Port Scanning from Substation Segment,Network,High,NHA-WEIGH-MOTION-GW,Closed,2026-09-16 21:50:19,2026-09-17 00:16:12,145.9,No,SOC-OP-15,Investigated parent process ancestry. Confirmed legitimate administrative maintenance script signed by Enterprise IT Certificate #9914.
ALT-1799,ENT-007,National Highway Authority,Unusual Outbound C2 Traffic to Bulletproof Host,Network,Critical,NHA-VMS-SIGNAGE-CONTROLLER,Closed,2026-09-12 23:16:22,2026-09-13 01:48:30,152.1,Yes,SOC-OP-19,"Alert triaged. Observed multiple TLS handshakes from internal host to external TOR exit node. Host isolated from corporate network via EDR, forensic memory image collected, escalated to Tier 2 Incident Response."
ALT-1800,ENT-007,National Highway Authority,PowerShell Script Executed with Encoded Command,Endpoint,High,NHA-TOLL-PLAZA-HUB-04,Escalated,2026-09-28 16:40:59,,0.0,Yes,SOC-OP-24,In progress by analyst on shift
ALT-1801,ENT-007,National Highway Authority,DDoS Volumetric Spike on External Gateway,Perimeter,High,NHA-ETC-FASTAG-HSM-1,Closed,2026-09-05 09:05:26,2026-09-05 09:37:25,32.0,No,SOC-OP-10,"Alert triaged. Observed multiple TLS handshakes from internal host to external TOR exit node. Host isolated from corporate network via EDR, forensic memory image collected, escalated to Tier 2 Incident Response."
ALT-1802,ENT-007,National Highway Authority,Unusual Outbound C2 Traffic to Bulletproof Host,Network,Critical,NHA-WEIGH-MOTION-GW,Closed,2026-09-11 06:08:28,2026-09-11 07:25:16,76.8,Yes,SOC-OP-11,Analyst reviewed PCAP and verified destination IP is an authorized NTP server. No secondary beaconing observed. Endpoint EDR host isolation not required.
ALT-1803,ENT-007,National Highway Authority,Certificate Expiration Warning on TLS Gateway,Configuration,Low,NHA-TOLL-PLAZA-HUB-04,Closed,2026-08-30 10:37:53,2026-08-30 11:29:12,51.3,No,SOC-OP-11,Resolved
ALT-1804,ENT-007,National Highway Authority,Air Traffic Primary Radar Feed Desync,Aviation Sensor,Critical,NHA-VMS-SIGNAGE-CONTROLLER,Closed,2026-09-05 05:55:19,2026-09-05 09:03:22,188.0,Yes,SOC-OP-21,Verified against change management ticket CHG-88219. Database schema update was authorized by DBA team during approved maintenance window.
ALT-1805,ENT-007,National Highway Authority,PowerShell Script Executed with Encoded Command,Endpoint,High,NHA-ETC-FASTAG-HSM-1,Closed,2026-09-24 22:19:04,2026-09-25 01:14:03,175.0,No,SOC-OP-18,Verified against change management ticket CHG-88219. Database schema update was authorized by DBA team during approved maintenance window.
ALT-1806,ENT-007,National Highway Authority,SCADA Telemetry Protocol Disruption,ICS/SCADA,Critical,NHA-VMS-SIGNAGE-CONTROLLER,Closed,2026-09-13 05:57:41,2026-09-13 09:41:13,223.5,Yes,SOC-OP-17,"Alert triaged. Observed multiple TLS handshakes from internal host to external TOR exit node. Host isolated from corporate network via EDR, forensic memory image collected, escalated to Tier 2 Incident Response."
ALT-1807,ENT-007,National Highway Authority,SCADA Telemetry Protocol Disruption,ICS/SCADA,Critical,NHA-WEIGH-MOTION-GW,Closed,2026-09-04 17:04:52,2026-09-04 18:30:52,86.0,No,SOC-OP-12,"Alert triaged. Observed multiple TLS handshakes from internal host to external TOR exit node. Host isolated from corporate network via EDR, forensic memory image collected, escalated to Tier 2 Incident Response."
ALT-1808,ENT-007,National Highway Authority,Multiple Failed Logins Followed by Successful Admin Access,Authentication,High,NHA-WEIGH-MOTION-GW,Closed,2026-09-14 21:29:58,2026-09-15 00:05:05,155.1,No,SOC-OP-17,"Alert triaged. Observed multiple TLS handshakes from internal host to external TOR exit node. Host isolated from corporate network via EDR, forensic memory image collected, escalated to Tier 2 Incident Response."
ALT-1809,ENT-007,National Highway Authority,Certificate Expiration Warning on TLS Gateway,Configuration,Low,NHA-WEIGH-MOTION-GW,Closed,2026-08-31 21:22:34,2026-08-31 22:12:15,49.7,No,SOC-OP-20,No action needed
ALT-1810,ENT-007,National Highway Authority,New Service Creation via PsExec,Endpoint,Medium,NHA-ETC-FASTAG-HSM-1,Investigating,2026-08-31 03:43:36,,0.0,No,SOC-OP-14,In progress by analyst on shift
ALT-1811,ENT-007,National Highway Authority,DDoS Volumetric Spike on External Gateway,Perimeter,Critical,NHA-ETC-FASTAG-HSM-1,Escalated,2026-09-16 01:17:40,,0.0,Yes,SOC-OP-15,In progress by analyst on shift
ALT-1812,ENT-007,National Highway Authority,Air Traffic Primary Radar Feed Desync,Aviation Sensor,Critical,NHA-WEIGH-MOTION-GW,Closed,2026-09-21 22:20:20,2026-09-22 01:25:30,185.2,No,SOC-OP-24,"Alert triaged. Observed multiple TLS handshakes from internal host to external TOR exit node. Host isolated from corporate network via EDR, forensic memory image collected, escalated to Tier 2 Incident Response."
ALT-1813,ENT-007,National Highway Authority,SCADA Telemetry Protocol Disruption,ICS/SCADA,Critical,NHA-WEIGH-MOTION-GW,Closed,2026-09-04 14:02:04,2026-09-04 15:41:04,99.0,No,SOC-OP-16,Analyst reviewed PCAP and verified destination IP is an authorized NTP server. No secondary beaconing observed. Endpoint EDR host isolation not required.
ALT-1814,ENT-007,National Highway Authority,PowerShell Script Executed with Encoded Command,Endpoint,High,NHA-VMS-SIGNAGE-CONTROLLER,Closed,2026-09-11 09:11:55,2026-09-11 09:55:11,43.3,No,SOC-OP-18,Analyst reviewed PCAP and verified destination IP is an authorized NTP server. No secondary beaconing observed. Endpoint EDR host isolation not required.
ALT-1815,ENT-007,National Highway Authority,SCADA Telemetry Protocol Disruption,ICS/SCADA,Critical,NHA-ETC-FASTAG-HSM-1,Closed,2026-09-26 02:31:06,2026-09-26 06:05:48,214.7,No,SOC-OP-22,"Alert triaged. Observed multiple TLS handshakes from internal host to external TOR exit node. Host isolated from corporate network via EDR, forensic memory image collected, escalated to Tier 2 Incident Response."
ALT-1816,ENT-007,National Highway Authority,PowerShell Script Executed with Encoded Command,Endpoint,High,NHA-VMS-SIGNAGE-CONTROLLER,Closed,2026-09-29 03:29:24,2026-09-29 05:37:00,127.6,No,SOC-OP-10,Source IP traced to authorized vulnerability scanner subnet running scheduled monthly credentialed scan. Host logs match Nessus user-agent profile.
ALT-1817,ENT-007,National Highway Authority,Unusual Outbound C2 Traffic to Bulletproof Host,Network,Critical,NHA-TOLL-PLAZA-HUB-04,Escalated,2026-09-28 22:24:48,,0.0,Yes,SOC-OP-11,In progress by analyst on shift
ALT-1818,ENT-007,National Highway Authority,SCADA Telemetry Protocol Disruption,ICS/SCADA,Critical,NHA-VMS-SIGNAGE-CONTROLLER,Closed,2026-09-04 14:58:52,2026-09-04 16:22:29,83.6,Yes,SOC-OP-22,Investigated parent process ancestry. Confirmed legitimate administrative maintenance script signed by Enterprise IT Certificate #9914.
ALT-1819,ENT-007,National Highway Authority,Unauthorized Registry Modification on SCADA HMI,Endpoint,High,NHA-WEIGH-MOTION-GW,Escalated,2026-09-20 12:35:59,,0.0,Yes,SOC-OP-23,In progress by analyst on shift
ALT-1820,ENT-007,National Highway Authority,Air Traffic Primary Radar Feed Desync,Aviation Sensor,Critical,NHA-VMS-SIGNAGE-CONTROLLER,Escalated,2026-09-04 09:04:49,,0.0,Yes,SOC-OP-10,In progress by analyst on shift
ALT-1821,ENT-007,National Highway Authority,Outdated Endpoint Antivirus Signature,Endpoint Compliance,Low,NHA-TOLL-PLAZA-HUB-04,Investigating,2026-09-16 19:53:25,,0.0,No,SOC-OP-16,In progress by analyst on shift
ALT-1822,ENT-007,National Highway Authority,Unauthorized Registry Modification on SCADA HMI,Endpoint,High,NHA-WEIGH-MOTION-GW,Closed,2026-08-30 21:29:49,2026-08-30 23:41:22,131.5,No,SOC-OP-12,Source IP traced to authorized vulnerability scanner subnet running scheduled monthly credentialed scan. Host logs match Nessus user-agent profile.
ALT-1823,ENT-007,National Highway Authority,SWIFT Transaction Queue Tamper Event,Financial Core,Critical,NHA-ETC-FASTAG-HSM-1,Investigating,2026-09-15 03:48:50,,0.0,Yes,SOC-OP-18,In progress by analyst on shift
ALT-1824,ENT-007,National Highway Authority,Outdated Endpoint Antivirus Signature,Endpoint Compliance,Low,NHA-TOLL-PLAZA-HUB-04,Closed,2026-09-03 00:04:55,2026-09-03 00:46:40,41.7,No,SOC-OP-24,False positive
ALT-1825,ENT-007,National Highway Authority,SCADA Telemetry Protocol Disruption,ICS/SCADA,Critical,NHA-ETC-FASTAG-HSM-1,Closed,2026-09-13 20:35:11,2026-09-13 22:58:49,143.6,No,SOC-OP-20,Source IP traced to authorized vulnerability scanner subnet running scheduled monthly credentialed scan. Host logs match Nessus user-agent profile.
ALT-1826,ENT-007,National Highway Authority,DDoS Volumetric Spike on External Gateway,Perimeter,High,NHA-ETC-FASTAG-HSM-1,Closed,2026-09-15 19:37:12,2026-09-15 21:23:18,106.1,No,SOC-OP-21,"Alert triaged. Observed multiple TLS handshakes from internal host to external TOR exit node. Host isolated from corporate network via EDR, forensic memory image collected, escalated to Tier 2 Incident Response."
ALT-1827,ENT-007,National Highway Authority,SCADA Telemetry Protocol Disruption,ICS/SCADA,Critical,NHA-TOLL-PLAZA-HUB-04,Closed,2026-09-19 01:51:02,2026-09-19 05:43:59,232.9,Yes,SOC-OP-21,Investigated parent process ancestry. Confirmed legitimate administrative maintenance script signed by Enterprise IT Certificate #9914.
ALT-1828,ENT-007,National Highway Authority,Unusual Outbound C2 Traffic to Bulletproof Host,Network,Critical,NHA-WEIGH-MOTION-GW,Closed,2026-09-14 22:02:26,2026-09-14 23:26:41,84.2,No,SOC-OP-21,"Alert triaged. Observed multiple TLS handshakes from internal host to external TOR exit node. Host isolated from corporate network via EDR, forensic memory image collected, escalated to Tier 2 Incident Response."
ALT-1829,ENT-007,National Highway Authority,Unusual Outbound C2 Traffic to Bulletproof Host,Network,Critical,NHA-VMS-SIGNAGE-CONTROLLER,Closed,2026-09-06 04:42:46,2026-09-06 07:47:59,185.2,No,SOC-OP-21,Source IP traced to authorized vulnerability scanner subnet running scheduled monthly credentialed scan. Host logs match Nessus user-agent profile.
ALT-1830,ENT-007,National Highway Authority,DDoS Volumetric Spike on External Gateway,Perimeter,High,NHA-TOLL-PLAZA-HUB-04,Escalated,2026-09-04 19:09:39,,0.0,Yes,SOC-OP-10,In progress by analyst on shift
ALT-1831,ENT-007,National Highway Authority,Excessive DNS Queries for DGA Domains,Network,Medium,NHA-TOLL-PLAZA-HUB-04,Investigating,2026-09-06 19:27:05,,0.0,No,SOC-OP-15,In progress by analyst on shift
ALT-1832,ENT-007,National Highway Authority,New Service Creation via PsExec,Endpoint,Medium,NHA-ETC-FASTAG-HSM-1,Investigating,2026-09-18 16:56:27,,0.0,No,SOC-OP-23,In progress by analyst on shift
ALT-1833,ENT-007,National Highway Authority,SWIFT Transaction Queue Tamper Event,Financial Core,Critical,NHA-WEIGH-MOTION-GW,Investigating,2026-09-02 07:15:14,,0.0,No,SOC-OP-20,In progress by analyst on shift
ALT-1834,ENT-007,National Highway Authority,Outdated Endpoint Antivirus Signature,Endpoint Compliance,Low,NHA-VMS-SIGNAGE-CONTROLLER,Closed,2026-09-24 10:02:12,2026-09-24 10:55:37,53.4,No,SOC-OP-14,False positive
ALT-1835,ENT-007,National Highway Authority,Air Traffic Primary Radar Feed Desync,Aviation Sensor,Critical,NHA-WEIGH-MOTION-GW,Investigating,2026-09-01 22:49:43,,0.0,Yes,SOC-OP-10,In progress by analyst on shift
ALT-1836,ENT-007,National Highway Authority,Unauthorized Registry Modification on SCADA HMI,Endpoint,High,NHA-TOLL-PLAZA-HUB-04,Closed,2026-09-19 00:22:43,2026-09-19 02:18:08,115.4,No,SOC-OP-17,Source IP traced to authorized vulnerability scanner subnet running scheduled monthly credentialed scan. Host logs match Nessus user-agent profile.
ALT-1837,ENT-007,National Highway Authority,PowerShell Script Executed with Encoded Command,Endpoint,High,NHA-TOLL-PLAZA-HUB-04,Investigating,2026-09-15 12:29:40,,0.0,No,SOC-OP-11,In progress by analyst on shift
ALT-1838,ENT-007,National Highway Authority,Unusual Outbound C2 Traffic to Bulletproof Host,Network,Critical,NHA-VMS-SIGNAGE-CONTROLLER,Escalated,2026-09-19 09:53:36,,0.0,Yes,SOC-OP-14,In progress by analyst on shift
ALT-1839,ENT-007,National Highway Authority,Unusual Outbound C2 Traffic to Bulletproof Host,Network,Critical,NHA-ETC-FASTAG-HSM-1,Escalated,2026-09-18 19:17:20,,0.0,Yes,SOC-OP-23,In progress by analyst on shift
ALT-1840,ENT-007,National Highway Authority,Unauthorized Registry Modification on SCADA HMI,Endpoint,Critical,NHA-TOLL-PLAZA-HUB-04,Closed,2026-09-03 09:31:50,2026-09-03 10:43:02,71.2,Yes,SOC-OP-20,Analyst reviewed PCAP and verified destination IP is an authorized NTP server. No secondary beaconing observed. Endpoint EDR host isolation not required.
